"";"distance";"moving_time";"start_date";"gear_id";"type"
"1";313156;4115;2021-03-03 15:08:31;"b6734226";"Ride"
"2";315482;4084;2021-03-01 15:06:21;"b6734226";"Ride"
"3";530608;6911;2021-02-28 12:13:45;"b6734226";"Ride"
"4";542308;7166;2021-02-26 08:18:43;"b6734226";"Ride"
"5";412496;5426;2021-02-24 14:20:02;"b6734226";"Ride"
"6";433972;5531;2021-02-23 13:37:52;"b6734226";"Ride"
"7";40579;2779;2021-02-22 14:37:46;NA;"Walk"
"8";285415;6343;2021-02-21 08:14:13;"b5957471";"Ride"
"9";532266;9111;2021-02-20 12:06:03;"b5957471";"Ride"
"10";289046;5391;2021-02-19 12:14:34;"b5957471";"Ride"
"11";213173;3926;2021-02-18 15:41:02;"b5957471";"Ride"
"12";24557;3324;2021-02-15 14:18:00;"b6734226";"VirtualRide"
"13";7101;2019;2021-02-15 08:53:01;NA;"IceSkate"
"14";164781;5092;2021-02-14 06:47:32;NA;"IceSkate"
"15";30239;1572;2021-02-13 09:45:14;NA;"IceSkate"
"16";111362;3677;2021-02-12 08:42:27;NA;"IceSkate"
"17";34366;1617;2021-02-11 15:08:23;NA;"IceSkate"
"18";319788;2721;2021-02-10 18:03:02;"b6734226";"VirtualRide"
"19";136725;4278;2021-02-09 14:58:21;"b5957471";"Ride"
"20";56073;4131;2021-02-08 14:42:01;NA;"Walk"
"21";267455;4020;2021-02-06 13:12:03;"b5957471";"Ride"
"22";569094;7495;2021-02-04 13:21:44;"b6734226";"Ride"
"23";30036;4149;2021-02-03 18:05:44;"b6734226";"VirtualRide"
"24";220414;3819;2021-02-02 14:26:45;"b6734226";"VirtualRide"
"25";46525;3205;2021-02-01 14:21:48;NA;"Walk"
"26";376848;6511;2021-01-31 11:41:48;"b5957471";"Ride"
"27";371161;3628;2021-01-30 12:01:00;"b6734226";"VirtualRide"
"28";304994;3614;2021-01-28 18:04:16;"b6734226";"VirtualRide"
"29";251095;3246;2021-01-27 15:30:28;"b6734226";"VirtualRide"
"30";43537;4360;2021-01-26 17:58:50;"b6734226";"VirtualRide"
"31";41207;2760;2021-01-25 14:55:51;NA;"Walk"
"32";482558;6814;2021-01-24 12:36:18;"b5957471";"Ride"
"33";77586;5275;2021-01-23 13:44:48;NA;"Walk"
"34";219705;2267;2021-01-20 16:03:47;"b6734226";"VirtualRide"
"35";86215;927;2021-01-20 15:45:09;"b6734226";"VirtualRide"
"36";319307;3133;2021-01-19 18:33:49;"b6734226";"VirtualRide"
"37";265136;3868;2021-01-18 18:01:39;"b6734226";"VirtualRide"
"38";38273;6371;2021-01-16 13:01:08;"b6734226";"VirtualRide"
"39";238382;3137;2021-01-15 12:22:03;"b6734226";"VirtualRide"
"40";255042;3179;2021-01-13 15:20:32;"b6734226";"VirtualRide"
"41";331156;5053;2021-01-12 14:11:20;"b5957471";"Ride"
"42";401255;6811;2021-01-10 12:29:04;"b5957471";"Ride"
"43";312786;5160;2021-01-09 14:08:41;"b5957471";"Ride"
"44";211486;3589;2021-01-07 14:30:49;"b5957471";"Ride"
"45";203824;2039;2021-01-06 16:04:47;"b6734226";"VirtualRide"
"46";287987;3038;2021-01-05 17:59:58;"b6734226";"VirtualRide"
"47";477774;6953;2021-01-03 11:58:46;"b5957471";"Ride"
"48";401428;5673;2021-01-01 13:21:03;"b5957471";"Ride"
"49";368874;6367;2020-12-30 13:14:28;"b5957471";"Ride"
"50";323588;3234;2020-12-29 18:16:43;"b6734226";"VirtualRide"
"51";307254;4993;2020-12-28 10:11:31;"b5957471";"Ride"
"52";357366;4862;2020-12-27 12:30:00;"b6734226";"VirtualRide"
"53";58756;3878;2020-12-26 12:29:02;NA;"Walk"
"54";603099;7664;2020-12-25 12:43:21;"b6734226";"Ride"
"55";278371;3082;2020-12-24 14:33:01;"b6734226";"VirtualRide"
"56";69061;4942;2020-12-23 13:43:07;NA;"Walk"
"57";456677;7205;2020-12-22 12:03:57;"b5957471";"Ride"
"58";222524;3026;2020-12-21 09:59:14;"b6734226";"VirtualRide"
"59";41352;2887;2020-12-20 12:51:43;NA;"Walk"
"60";637835;8551;2020-12-19 08:51:58;"b6734226";"Ride"
"61";221046;3042;2020-12-17 18:43:33;"b6734226";"VirtualRide"
"62";45677;3103;2020-12-17 14:21:10;NA;"Walk"
"63";323395;3062;2020-12-15 19:24:24;"b6734226";"VirtualRide"
"64";302729;3106;2020-12-14 19:04:32;"b6734226";"VirtualRide"
"65";451835;7236;2020-12-13 12:49:17;"b5957471";"Ride"
"66";15;3000;2020-12-11 09:30:00;NA;"IceSkate"
"67";363618;4869;2020-12-10 14:18:50;"b6734226";"Ride"
"68";226469;3084;2020-12-09 19:07:31;"b6734226";"VirtualRide"
"69";15;3000;2020-12-08 11:25:54;NA;"IceSkate"
"70";303638;4811;2020-12-06 13:48:25;"b5957471";"Ride"
"71";410134;5029;2020-12-05 12:26:10;"b6734226";"Ride"
"72";229734;4381;2020-12-04 08:45:13;"b5957471";"Ride"
"73";244508;2716;2020-12-03 13:51:52;"b6734226";"VirtualRide"
"74";2538;3150;2020-12-01 18:50:14;"b6734226";"VirtualRide"
"75";16;3000;2020-12-01 11:43:47;NA;"IceSkate"
"76";650703;10476;2020-11-28 09:11:17;"b5957471";"Ride"
"77";31827;2387;2020-11-27 14:15:15;NA;"Walk"
"78";316177;5571;2020-11-27 09:16:32;"b6734226";"VirtualRide"
"79";18;3000;2020-11-26 13:53:04;NA;"IceSkate"
"80";233093;2556;2020-11-24 15:22:30;"b6734226";"VirtualRide"
"81";258129;2791;2020-11-23 15:29:15;"b6734226";"VirtualRide"
"82";18;3000;2020-11-22 15:18:51;NA;"IceSkate"
"83";439081;6789;2020-11-21 12:40:47;"b5957471";"Ride"
"84";245883;3610;2020-11-20 09:18:14;"b6734226";"VirtualRide"
"85";361335;4523;2020-11-18 14:23:44;"b6734226";"Ride"
"86";26359;3345;2020-11-17 15:13:35;"b6734226";"VirtualRide"
"87";20311;1384;2020-11-17 11:39:09;NA;"Walk"
"88";53277;7513;2020-11-15 09:52:50;"b6734226";"Ride"
"89";326426;5289;2020-11-14 12:59:30;"b5957471";"Ride"
"90";16;3000;2020-11-13 09:39:42;NA;"IceSkate"
"91";153808;1949;2020-11-12 18:39:57;"b6734226";"VirtualRide"
"92";16;3000;2020-11-11 15:31:00;NA;"IceSkate"
"93";31506;3789;2020-11-10 14:53:20;"b6734226";"Ride"
"94";26041;1917;2020-11-10 08:25:19;NA;"Walk"
"95";748017;12606;2020-11-07 09:12:04;"b5957471";"Ride"
"96";49347;3210;2020-11-06 09:15:14;NA;"Walk"
"97";289757;4426;2020-11-05 14:26:40;"b5957471";"Ride"
"98";276814;3039;2020-11-04 18:20:30;"b6734226";"VirtualRide"
"99";217032;3727;2020-11-03 11:29:48;"b5957471";"Ride"
"100";323813;6449;2020-11-01 10:11:58;"b5957471";"Ride"
"101";486064;8368;2020-10-31 12:18:47;"b5957471";"Ride"
"102";26442;2732;2020-10-30 18:18:40;"b6734226";"VirtualRide"
"103";250464;2774;2020-10-29 12:52:45;"b6734226";"VirtualRide"
"104";20;3600;2020-10-28 19:40:34;NA;"IceSkate"
"105";62078;3504;2020-10-27 14:33:20;NA;"Walk"
"106";303875;3197;2020-10-26 18:05:48;"b6734226";"VirtualRide"
"107";284024;3602;2020-10-24 17:38:53;"b6734226";"VirtualRide"
"108";412539;5289;2020-10-23 13:07:49;"b6734226";"Ride"
"109";230901;3641;2020-10-21 12:12:41;"b5957471";"Ride"
"110";509157;6325;2020-10-19 12:52:57;"b6734226";"Ride"
"111";780188;11223;2020-10-18 07:23:07;"b6734226";"Ride"
"112";119405;18194;2020-10-17 07:33:52;"b6734226";"Ride"
"113";263386;3942;2020-10-16 13:45:49;"b6734226";"Ride"
"114";215407;2752;2020-10-15 09:11:52;"b6734226";"VirtualRide"
"115";16;4200;2020-10-13 18:30:09;NA;"IceSkate"
"116";322627;3612;2020-10-13 12:53:52;"b6734226";"VirtualRide"
"117";470974;6131;2020-10-11 08:28:46;"b6734226";"Ride"
"118";319611;4888;2020-10-09 07:24:50;"b5957471";"Ride"
"119";229381;3183;2020-10-07 17:25:52;"b6734226";"VirtualRide"
"120";193801;3320;2020-10-05 17:24:03;"b6734226";"VirtualRide"
"121";29349;5854;2020-10-04 12:13:54;"b5957471";"Ride"
"122";475985;6129;2020-10-02 07:36:01;"b6734226";"Ride"
"123";216547;3026;2020-10-01 14:22:16;"b6734226";"VirtualRide"
"124";487588;6258;2020-09-29 14:13:51;"b6734226";"Ride"
"125";360378;4258;2020-09-27 11:40:45;"b6734226";"Ride"
"126";400069;5307;2020-09-25 07:27:08;"b6734226";"Ride"
"127";369185;4682;2020-09-23 16:27:28;"b6734226";"Ride"
"128";346977;4249;2020-09-22 16:33:03;"b6734226";"Ride"
"129";736681;12008;2020-09-20 07:58:44;"b6734226";"Ride"
"130";54447;3977;2020-09-19 11:34:36;NA;"Walk"
"131";571738;7415;2020-09-18 07:05:41;"b6734226";"Ride"
"132";379946;4885;2020-09-15 16:40:16;"b6734226";"Ride"
"133";101162;19245;2020-09-13 07:28:48;"b5957471";"Ride"
"134";388643;5138;2020-09-11 07:44:22;"b6734226";"Ride"
"135";390765;4875;2020-09-10 16:35:45;"b6734226";"Ride"
"136";221724;4102;2020-09-07 16:52:26;"b5957471";"Ride"
"137";750159;9829;2020-09-06 07:44:01;"b6734226";"Ride"
"138";441679;5612;2020-09-04 07:27:42;"b6734226";"Ride"
"139";393462;5072;2020-09-02 14:26:53;"b6734226";"Ride"
"140";326607;3986;2020-08-31 17:10:13;"b6734226";"Ride"
"141";35291;6574;2020-08-30 08:13:26;"b5957471";"Ride"
"142";615335;7505;2020-08-29 07:31:22;"b6734226";"Ride"
"143";458829;5675;2020-08-27 16:32:20;"b6734226";"Ride"
"144";461475;5795;2020-08-25 16:32:50;"b6734226";"Ride"
"145";418486;5103;2020-08-23 17:13:08;"b6734226";"Ride"
"146";952611;14744;2020-08-20 06:16:25;"b6734226";"Ride"
"147";731353;11667;2020-08-19 06:53:26;"b6734226";"Ride"
"148";103547;18074;2020-08-18 06:06:37;"b6734226";"Ride"
"149";881609;14079;2020-08-17 06:48:56;"b6734226";"Ride"
"150";42207;8650;2020-08-14 08:18:27;"b5957471";"Ride"
"151";831656;16009;2020-08-11 07:03:32;"b5957471";"Ride"
"152";111246;20742;2020-08-10 07:11:36;"b5957471";"Ride"
"153";736842;11945;2020-08-08 06:37:16;"b6734226";"Ride"
"154";286232;3607;2020-08-06 17:43:36;"b6734226";"Ride"
"155";102771;13964;2020-08-04 07:34:18;"b6734226";"Ride"
"156";212546;3417;2020-08-03 12:16:58;"b5957471";"Ride"
"157";757082;13215;2020-07-30 06:41:53;"b6734226";"Ride"
"158";11502;21765;2020-07-28 06:27:13;"b6734226";"Ride"
"159";507773;7311;2020-07-26 11:57:58;"b6734226";"Ride"
"160";18313;4602;2020-07-24 16:49:21;"b5957471";"Ride"
"161";801419;14115;2020-07-23 07:54:06;"b6734226";"Ride"
"162";35935;5705;2020-07-21 17:06:32;"b6734226";"Ride"
"163";686228;12679;2020-07-20 08:13:06;"b6734226";"Ride"
"164";326877;6063;2020-07-18 16:44:44;"b6734226";"Ride"
"165";850376;14971;2020-07-14 07:51:27;"b5957471";"Ride"
"166";464266;6735;2020-07-13 13:38:24;"b5957471";"Ride"
"167";392482;6637;2020-07-12 12:42:14;"b5957471";"Ride"
"168";528573;6814;2020-07-11 08:05:42;"b6734226";"Ride"
"169";447512;5716;2020-07-09 13:17:33;"b6734226";"Ride"
"170";483126;5968;2020-07-07 08:24:17;"b6734226";"Ride"
"171";351024;5543;2020-07-04 13:16:20;"b6734226";"Ride"
"172";105226;13842;2020-07-03 10:30:13;"b6734226";"Ride"
"173";241055;3843;2020-07-01 17:24:33;"b5957471";"Ride"
"174";241847;3269;2020-06-30 17:25:18;"b6734226";"VirtualRide"
"175";388113;7395;2020-06-28 08:38:04;"b6734226";"Ride"
"176";100968;18400;2020-06-27 08:40:53;"b6734226";"Ride"
"177";100122;17477;2020-06-26 08:01:37;"b6734226";"Ride"
"178";505393;6777;2020-06-24 16:43:14;"b6734226";"Ride"
"179";344624;4226;2020-06-22 14:07:42;"b6734226";"Ride"
"180";25528;3922;2020-06-20 09:05:42;"b6734226";"Ride"
"181";45494;5685;2020-06-17 11:57:06;"b6734226";"Ride"
"182";303108;3578;2020-06-16 13:27:55;"b6734226";"Ride"
"183";131878;16928;2020-06-14 07:31:53;"b6734226";"Ride"
"184";416537;5191;2020-06-11 17:09:33;"b6734226";"Ride"
"185";50802;7170;2020-06-09 12:28:45;"b6734226";"Ride"
"186";224518;3020;2020-06-08 17:52:57;"b6734226";"VirtualRide"
"187";657563;8571;2020-06-07 11:54:48;"b6734226";"Ride"
"188";562515;6785;2020-06-03 17:13:37;"b6734226";"Ride"
"189";86047;13604;2020-06-01 07:52:46;"b6734226";"Ride"
"190";584323;11705;2020-05-31 07:21:45;"b5957471";"Ride"
"191";458331;7342;2020-05-30 10:55:58;"b6734226";"Ride"
"192";419926;5908;2020-05-28 16:55:23;"b6734226";"Ride"
"193";419568;5262;2020-05-26 16:44:22;"b6734226";"Ride"
"194";535807;6701;2020-05-25 17:01:45;"b6734226";"Ride"
"195";339315;4454;2020-05-24 17:49:38;"b6734226";"Ride"
"196";203664;4174;2020-05-23 08:12:47;"b5957471";"Ride"
"197";588617;8216;2020-05-22 16:08:30;"b5957471";"Ride"
"198";260276;5767;2020-05-21 14:13:28;"b5957471";"Ride"
"199";300313;5828;2020-05-21 08:48:00;"b5957471";"Ride"
"200";430159;5328;2020-05-18 17:12:45;"b6734226";"Ride"
"201";500235;7760;2020-05-17 11:27:20;"b5957471";"Ride"
"202";466744;7665;2020-05-16 12:21:15;"b5957471";"Ride"
"203";38733;4044;2020-05-15 12:49:22;NA;"Walk"
"204";593954;7844;2020-05-14 13:15:33;"b6734226";"Ride"
"205";406758;5130;2020-05-12 17:15:27;"b6734226";"Ride"
"206";23911;4654;2020-05-10 11:52:06;"b5957471";"Ride"
"207";114231;17107;2020-05-09 09:12:52;"b6734226";"Ride"
"208";302766;3967;2020-05-07 14:05:51;"b6734226";"Ride"
"209";405462;5585;2020-05-06 14:34:30;"b6734226";"Ride"
"210";527483;6641;2020-05-05 12:58:06;"b6734226";"Ride"
"211";600427;7624;2020-05-03 13:12:26;"b6734226";"Ride"
"212";118819;1814;2020-05-01 18:21:33;"b6734226";"VirtualRide"
"213";222627;4251;2020-04-30 12:28:06;"b5957471";"Ride"
"214";506699;8535;2020-04-29 12:03:57;"b5957471";"Ride"
"215";102285;12908;2020-04-27 07:30:21;"b6734226";"Ride"
"216";746942;11077;2020-04-25 11:17:58;"b6734226";"Ride"
"217";678113;8837;2020-04-23 13:01:34;"b6734226";"Ride"
"218";514814;6625;2020-04-21 16:29:42;"b6734226";"Ride"
"219";641159;8824;2020-04-19 08:10:02;"b6734226";"Ride"
"220";227574;5943;2020-04-18 12:58:56;"b6734226";"VirtualRide"
"221";129697;1819;2020-04-17 14:20:23;"b6734226";"Ride"
"222";369121;4905;2020-04-16 16:47:18;"b6734226";"Ride"
"223";500641;6011;2020-04-15 16:25:31;"b6734226";"Ride"
"224";354197;6478;2020-04-13 12:17:50;"b5957471";"Ride"
"225";180384;4628;2020-04-12 08:19:50;"b2266483";"Ride"
"226";800531;10173;2020-04-11 07:45:40;"b6734226";"Ride"
"227";800069;12403;2020-04-08 13:13:46;"b6734226";"Ride"
"228";316187;4166;2020-04-07 06:32:27;"b6734226";"Ride"
"229";257588;5945;2020-04-05 09:29:46;"b2266483";"Ride"
"230";66995;8683;2020-04-04 11:43:20;"b6734226";"Ride"
"231";263125;4473;2020-04-02 16:37:17;"b5957471";"Ride"
"232";531768;7065;2020-04-01 12:26:19;"b6734226";"Ride"
"233";208356;3626;2020-03-30 16:59:49;"b5957471";"Ride"
"234";134193;2403;2020-03-29 12:23:36;"b5957471";"Ride"
"235";701554;9555;2020-03-28 08:47:47;"b6734226";"Ride"
"236";43939;3073;2020-03-26 15:03:38;NA;"Walk"
"237";420836;5530;2020-03-25 13:08:47;"b6734226";"Ride"
"238";200116;3106;2020-03-24 17:05:44;"b5957471";"Ride"
"239";576181;7874;2020-03-22 09:16:30;"b6734226";"Ride"
"240";282831;4812;2020-03-21 12:09:42;"b5957471";"Ride"
"241";24125;2557;2020-03-19 19:01:28;"b6734226";"VirtualRide"
"242";588532;7750;2020-03-18 14:05:47;"b6734226";"Ride"
"243";36847;509;2020-03-17 18:34:17;"b6734226";"VirtualRide"
"244";410648;6211;2020-03-15 09:09:39;"b6734226";"Ride"
"245";654128;8209;2020-03-14 12:10:07;"b6734226";"Ride"
"246";16;3600;2020-03-12 14:58:12;NA;"IceSkate"
"247";219011;2121;2020-03-11 19:18:07;"b6734226";"VirtualRide"
"248";16;4800;2020-03-10 19:06:43;NA;"IceSkate"
"249";219162;2743;2020-03-09 14:22:49;"b6734226";"VirtualRide"
"250";439633;5832;2020-03-07 10:09:30;"b6734226";"Ride"
"251";81504;1588;2020-02-29 11:23:49;"b6734226";"Ride"
"252";117685;23205;2020-02-28 08:57:12;"b1350013";"Ride"
"253";207345;5082;2020-02-27 11:21:27;"b1350013";"Ride"
"254";869893;17057;2020-02-26 10:29:39;"b1350013";"Ride"
"255";43196;8354;2020-02-25 15:21:01;"b1350013";"Ride"
"256";160544;3627;2020-02-22 11:26:25;"b6734226";"VirtualRide"
"257";16;4200;2020-02-20 19:00:19;NA;"IceSkate"
"258";21853;2917;2020-02-19 18:36:51;"b6734226";"VirtualRide"
"259";18;4920;2020-02-18 19:00:13;NA;"IceSkate"
"260";4;3600;2020-02-16 08:45:06;NA;"IceSkate"
"261";293083;3817;2020-02-15 13:36:30;"b6734226";"Ride"
"262";446503;5849;2020-02-14 11:47:45;"b6734226";"Ride"
"263";16;4500;2020-02-11 19:00:37;NA;"IceSkate"
"264";161465;2871;2020-02-08 18:20:47;"b5957471";"VirtualRide"
"265";26628;4660;2020-02-06 13:25:05;"b5957471";"Ride"
"266";16;4800;2020-02-04 19:24:01;NA;"IceSkate"
"267";12;5400;2020-02-02 09:29:11;NA;"IceSkate"
"268";366102;6352;2020-01-31 12:36:21;"b5957471";"Ride"
"269";13;2700;2020-01-30 14:56:58;NA;"IceSkate"
"270";16;4800;2020-01-28 19:00:23;NA;"IceSkate"
"271";308294;4402;2020-01-26 13:40:47;"b5957471";"Ride"
"272";302279;4876;2020-01-25 09:41:12;"b5957471";"Ride"
"273";10;2700;2020-01-23 15:39:33;NA;"IceSkate"
"274";16;4200;2020-01-21 19:00:17;NA;"IceSkate"
"275";12;3000;2020-01-19 14:46:07;NA;"IceSkate"
"276";161452;2135;2020-01-18 17:56:29;"b2992308";"VirtualRide"
"277";320899;5319;2020-01-17 13:53:00;"b5957471";"Ride"
"278";15;4800;2020-01-14 19:00:56;NA;"IceSkate"
"279";294613;4315;2020-01-13 14:13:52;"b5957471";"Ride"
"280";250413;4869;2020-01-11 11:27:56;"b5957471";"Ride"
"281";42141;3237;2020-01-10 13:42:00;NA;"Walk"
"282";12;3000;2020-01-09 15:27:48;NA;"IceSkate"
"283";13;4200;2020-01-07 19:15:13;NA;"IceSkate"
"284";264139;3474;2020-01-06 18:24:50;"b2992308";"VirtualRide"
"285";215382;4648;2020-01-04 13:50:40;"b5957471";"Ride"
"286";14;3600;2020-01-03 18:32:01;NA;"IceSkate"
"287";291761;4821;2020-01-02 09:11:44;"b5957471";"Ride"
"288";12;3600;2019-12-31 10:33:46;NA;"IceSkate"
"289";787542;10574;2019-12-30 11:24:28;"b2992308";"Ride"
"290";234907;5496;2019-12-28 13:35:03;"b5957471";"Ride"
"291";258361;6550;2019-12-26 12:28:26;"b5957471";"Ride"
"292";59038;4307;2019-12-25 14:28:43;NA;"Walk"
"293";205802;5212;2019-12-24 09:11:03;"b5957471";"Ride"
"294";343044;6584;2019-12-21 09:54:48;"b5957471";"Ride"
"295";101;2400;2019-12-18 15:40:56;NA;"IceSkate"
"296";12;3900;2019-12-17 19:13:40;NA;"IceSkate"
"297";12;4500;2019-12-15 09:11:38;NA;"IceSkate"
"298";10;2700;2019-12-12 15:45:45;NA;"IceSkate"
"299";8917;1360;2019-12-11 18:40:25;"b2992308";"VirtualRide"
"300";9;4200;2019-12-10 19:27:12;NA;"IceSkate"
"301";245865;3260;2019-12-08 18:25:10;"b2992308";"VirtualRide"
"302";457045;8091;2019-12-07 12:12:07;"b5957471";"Ride"
"303";297629;5813;2019-12-01 09:18:30;"b5957471";"Ride"
"304";293166;3872;2019-11-30 12:15:14;"b2992308";"Ride"
"305";205785;2298;2019-11-29 18:12:03;"b2992308";"VirtualRide"
"306";7;3000;2019-11-28 15:15:40;NA;"IceSkate"
"307";92;4200;2019-11-26 19:08:32;NA;"IceSkate"
"308";35692;7601;2019-11-23 09:14:00;"b5957471";"Ride"
"309";385319;6117;2019-11-22 11:57:50;"b5957471";"Ride"
"310";193;2381;2019-11-20 18:28:24;"b2992308";"VirtualRide"
"311";8;4200;2019-11-19 19:16:37;NA;"IceSkate"
"312";290074;5024;2019-11-16 12:53:36;"b5957471";"Ride"
"313";8;3000;2019-11-14 15:28:15;NA;"IceSkate"
"314";7;4200;2019-11-12 19:05:03;NA;"IceSkate"
"315";414933;6842;2019-11-10 12:17:54;"b5957471";"Ride"
"316";320894;5388;2019-11-09 12:24:42;"b5957471";"Ride"
"317";7;3600;2019-11-07 15:37:37;NA;"IceSkate"
"318";13722;1798;2019-11-06 19:25:11;"b2992308";"VirtualRide"
"319";7;3900;2019-11-05 19:23:01;NA;"IceSkate"
"320";247149;5181;2019-11-03 08:29:35;"b5957471";"Ride"
"321";21511;2422;2019-11-01 15:01:45;"b2992308";"VirtualRide"
"322";9;4200;2019-10-29 19:20:57;NA;"IceSkate"
"323";791734;11591;2019-10-26 09:50:31;"b2992308";"Ride"
"324";214986;2218;2019-10-24 17:57:20;"b2992308";"VirtualRide"
"325";35;3900;2019-10-22 18:08:51;NA;"IceSkate"
"326";216152;2948;2019-10-20 11:26:07;"b2992308";"VirtualRide"
"327";200525;4317;2019-10-18 15:00:49;"b5957471";"Ride"
"328";429523;9116;2019-10-17 12:53:18;"b5957471";"Ride"
"329";280901;5193;2019-10-16 12:49:43;"b5957471";"Ride"
"330";828684;11718;2019-10-14 08:41:04;"b2992308";"Ride"
"331";665405;10144;2019-10-13 08:34:15;"b5957471";"Ride"
"332";14543;1799;2019-10-11 14:11:18;"b2992308";"VirtualRide"
"333";21279;2454;2019-10-09 18:23:37;"b2992308";"VirtualRide"
"334";19533;2531;2019-10-08 18:14:18;"b2992308";"VirtualRide"
"335";565896;8069;2019-10-05 07:52:14;"b5957471";"Ride"
"336";14011;1793;2019-10-03 17:59:05;"b2992308";"VirtualRide"
"337";173789;2707;2019-10-02 17:58:20;"b2992308";"VirtualRide"
"338";178187;2263;2019-09-29 08:29:31;"b2992308";"VirtualRide"
"339";406342;7256;2019-09-27 11:15:15;"b5957471";"Ride"
"340";177812;2304;2019-09-24 17:36:48;"b2992308";"VirtualRide"
"341";700507;8835;2019-09-22 12:13:15;"b2992308";"Ride"
"342";255468;3902;2019-09-20 16:44:59;"b5957471";"Ride"
"343";692;1016;2019-09-15 12:46:33;"b2992308";"Ride"
"344";10227;14337;2019-09-15 08:32:27;"b2992308";"Ride"
"345";207915;2409;2019-09-13 12:23:41;"b2992308";"VirtualRide"
"346";11396;1809;2019-09-11 18:20:10;"b2992308";"VirtualRide"
"347";170008;2053;2019-09-10 18:30:49;"b2992308";"VirtualRide"
"348";438642;7765;2019-09-08 08:45:29;"b5957471";"Ride"
"349";563755;7483;2019-09-06 11:21:50;"b2992308";"Ride"
"350";170913;1938;2019-09-03 18:15:50;"b2992308";"VirtualRide"
"351";498505;7685;2019-09-01 07:15:53;"b2992308";"Ride"
"352";133552;20936;2019-08-31 06:36:32;"b2992308";"Ride"
"353";78301;10935;2019-08-30 12:41:38;"b2992308";"Ride"
"354";259726;3198;2019-08-27 13:25:52;"b2992308";"Ride"
"355";85893;9900;2019-08-24 12:15:05;NA;"Hike"
"356";106208;21328;2019-08-23 07:28:19;"b2992308";"Ride"
"357";567475;11675;2019-08-22 11:06:45;"b2992308";"Ride"
"358";881568;14934;2019-08-21 08:51:44;"b2992308";"Ride"
"359";59492;4937;2019-08-20 10:09:28;NA;"Hike"
"360";41309;1639;2019-08-19 15:14:29;"b5957471";"Ride"
"361";926137;16449;2019-08-19 07:44:32;"b2992308";"Ride"
"362";331591;6810;2019-08-18 15:20:39;"b5957471";"Ride"
"363";704252;9634;2019-08-17 07:52:53;"b2992308";"Ride"
"364";530752;12152;2019-08-15 07:27:21;"b2992308";"Ride"
"365";99872;3794;2019-08-14 09:06:51;"b1350013";"Ride"
"366";417819;8084;2019-08-12 13:43:48;"b2992308";"Ride"
"367";267104;6254;2019-08-11 16:52:32;"b2992308";"Ride"
"368";231389;6074;2019-08-09 15:50:18;"b5957471";"Ride"
"369";463942;10541;2019-08-08 12:37:10;"b5957471";"Ride"
"370";149984;24264;2019-08-05 07:08:26;"b2992308";"Ride"
"371";656303;11741;2019-08-02 11:29:42;"b2992308";"Ride"
"372";460067;7591;2019-07-31 16:35:46;"b2992308";"Ride"
"373";9412;12861;2019-07-29 07:49:50;"b2992308";"Ride"
"374";781972;17152;2019-07-23 06:36:12;"b2992308";"Ride"
"375";73304;16432;2019-07-22 07:55:09;"b2992308";"Ride"
"376";601061;12961;2019-07-21 06:57:56;"b2992308";"Ride"
"377";100207;17638;2019-07-20 06:35:06;"b2992308";"Ride"
"378";703893;15907;2019-07-19 09:55:23;"b2992308";"Ride"
"379";280128;5276;2019-07-17 11:11:50;"b5957471";"Ride"
"380";281152;6766;2019-07-16 11:47:57;"b5957471";"Ride"
"381";631607;11089;2019-07-14 08:12:58;"b2992308";"Ride"
"382";448295;7670;2019-07-13 13:48:05;"b2992308";"Ride"
"383";500371;6757;2019-07-11 07:57:46;"b2992308";"Ride"
"384";35353;4796;2019-07-09 14:58:50;"b5957471";"Ride"
"385";34033;4737;2019-07-09 06:40:40;"b5957471";"Ride"
"386";247765;4845;2019-07-07 07:36:58;"b5957471";"Ride"
"387";530033;7742;2019-07-06 08:24:31;"b5957471";"Ride"
"388";681209;8804;2019-07-04 11:10:52;"b2992308";"Ride"
"389";213122;4185;2019-07-02 13:27:37;"b5957471";"Ride"
"390";263667;4398;2019-07-01 13:22:58;"b5957471";"Ride"
"391";104505;14168;2019-06-29 06:55:38;"b2992308";"Ride"
"392";534331;6900;2019-06-26 16:45:24;"b2992308";"Ride"
"393";287533;4076;2019-06-20 18:08:50;"b5957471";"Ride"
"394";365976;5107;2019-06-18 14:19:36;"b5957471";"Ride"
"395";339991;4706;2019-06-18 06:45:43;"b5957471";"Ride"
"396";100662;13011;2019-06-16 07:58:43;"b2992308";"Ride"
"397";263263;4559;2019-06-14 08:58:41;"b5957471";"Ride"
"398";211128;4167;2019-06-13 12:33:06;"b5957471";"Ride"
"399";233367;3371;2019-06-12 18:06:07;"b5957471";"Ride"
"400";528;9711;2019-06-10 10:09:18;"b2992308";"Ride"
"401";100248;17739;2019-06-09 08:03:21;"b2992308";"Ride"
"402";101272;18771;2019-06-08 08:02:47;"b2992308";"Ride"
"403";278622;4513;2019-06-06 13:37:48;"b3995755";"Ride"
"404";335013;4095;2019-06-05 17:29:53;"b2992308";"Ride"
"405";366271;5550;2019-06-02 07:47:11;"b3995755";"Ride"
"406";344971;7987;2019-05-31 14:56:11;"b3995755";"Ride"
"407";269069;4833;2019-05-30 13:55:09;"b3995755";"Ride"
"408";66279;9731;2019-05-26 07:55:31;"b2992308";"Ride"
"409";106577;14260;2019-05-25 08:35:33;"b2992308";"Ride"
"410";372356;5420;2019-05-23 08:59:37;"b3995755";"Ride"
"411";592414;7801;2019-05-22 13:01:17;"b2992308";"Ride"
"412";481821;7542;2019-05-18 10:51:05;"b2992308";"Ride"
"413";455481;5953;2019-05-16 16:51:10;"b2992308";"Ride"
"414";491131;6566;2019-05-14 11:37:07;"b2992308";"Ride"
"415";21214;3075;2019-05-09 17:43:41;"b2992308";"VirtualRide"
"416";253152;2785;2019-05-07 17:40:35;"b2992308";"VirtualRide"
"417";501058;6600;2019-05-05 09:24:39;"b2992308";"Ride"
"418";89912;6519;2019-05-04 09:03:34;NA;"Walk"
"419";251;1979;2019-05-02 12:43:02;NA;"Walk"
"420";40234;6284;2019-04-30 16:34:08;"b3995755";"Ride"
"421";256085;4350;2019-04-30 12:34:55;"b2992308";"Ride"
"422";426091;6553;2019-04-29 16:48:31;"b3995755";"Ride"
"423";309915;4885;2019-04-28 16:16:15;"b3995755";"Ride"
"424";406801;6757;2019-04-22 09:27:36;"b2992308";"Ride"
"425";398874;6787;2019-04-21 08:24:43;"b2992308";"Ride"
"426";700632;11518;2019-04-20 11:10:05;"b2992308";"Ride"
"427";4408;5853;2019-04-18 13:41:47;"b2992308";"Ride"
"428";400875;5158;2019-04-15 17:01:20;"b2992308";"Ride"
"429";249384;4728;2019-04-14 08:52:07;"b3995755";"Ride"
"430";29114;5138;2019-04-13 12:47:27;"b3995755";"Ride"
"431";114171;8302;2019-04-07 08:26:02;NA;"Walk"
"432";257928;4200;2019-04-05 16:19:41;"b3995755";"Ride"
"433";223594;2706;2019-04-04 17:21:33;"b2992308";"Ride"
"434";38902;1401;2019-04-02 14:17:25;NA;"Run"
"435";10206;16836;2019-03-31 07:12:39;"b2992308";"Ride"
"436";526798;6899;2019-03-29 11:47:58;"b2992308";"Ride"
"437";779692;11460;2019-03-24 11:21:34;"b2992308";"Ride"
"438";598355;8685;2019-03-23 12:27:26;"b2992308";"Ride"
"439";300021;3848;2019-03-21 15:00:50;"b2992308";"Ride"
"440";23077;2959;2019-03-20 18:14:24;"b2992308";"VirtualRide"
"441";222859;3179;2019-03-17 09:29:46;"b2992308";"VirtualRide"
"442";310227;3396;2019-03-15 12:00:01;"b2992308";"VirtualRide"
"443";23691;2982;2019-03-13 18:25:52;"b2992308";"VirtualRide"
"444";780595;12684;2019-03-09 09:17:16;"b1350013";"Ride"
"445";936856;16500;2019-03-08 09:34:14;"b1350013";"Ride"
"446";583529;9185;2019-03-06 15:09:30;"b1350013";"Ride"
"447";302323;5723;2019-03-04 12:37:31;"b3995755";"Ride"
"448";221558;4392;2019-03-02 10:19:45;"b2442923";"Ride"
"449";510706;6280;2019-02-27 14:27:37;"b2992308";"Ride"
"450";108991;2169;2019-02-24 10:27:16;"b3995755";"Ride"
"451";623336;9553;2019-02-23 12:04:09;"b2992308";"Ride"
"452";638913;10581;2019-02-17 10:25:55;"b2992308";"Ride"
"453";369034;5534;2019-02-16 12:56:19;"b2992308";"Ride"
"454";17592;2232;2019-02-12 18:30:01;"b2992308";"VirtualRide"
"455";17371;3082;2019-02-10 09:48:10;"b2992308";"VirtualRide"
"456";214471;4929;2019-02-03 12:14:27;"b3995755";"Ride"
"457";225159;2443;2019-02-02 12:37:35;"b2992308";"VirtualRide"
"458";19968;2562;2019-01-31 18:17:43;"b2992308";"VirtualRide"
"459";203808;3719;2019-01-21 14:44:39;"b3995755";"Ride"
"460";230146;3993;2019-01-19 10:34:04;"b3995755";"Ride"
"461";210267;2420;2019-01-18 18:26:12;"b2992308";"VirtualRide"
"462";18839;2531;2019-01-15 09:10:04;"b2992308";"VirtualRide"
"463";212067;2854;2019-01-13 18:18:55;"b2992308";"VirtualRide"
"464";302124;5411;2019-01-11 10:33:03;"b3995755";"Ride"
"465";192331;3153;2019-01-08 18:07:25;"b2992308";"VirtualRide"
"466";614558;9172;2019-01-06 09:32:15;"b2992308";"Ride"
"467";456666;5653;2019-01-03 12:35:03;"b2992308";"Ride"
"468";615852;8104;2019-01-01 09:29:05;"b2992308";"Ride"
"469";756021;9675;2018-12-31 11:48:35;"b2992308";"Ride"
"470";164991;3302;2018-12-29 14:32:56;"b2992308";"VirtualRide"
"471";23659;5985;2018-12-27 13:10:24;"b2442923";"Ride"
"472";257576;5279;2018-12-26 10:14:54;"b3995755";"Ride"
"473";249761;4656;2018-12-25 10:49:11;"b3995755";"Ride"
"474";254848;5932;2018-12-22 10:16:58;"b3995755";"Ride"
"475";372396;6087;2018-12-15 12:38:28;"b3995755";"Ride"
"476";30485;4319;2018-12-09 13:42:23;"b3995755";"Ride"
"477";19801;2681;2018-12-04 19:02:32;"b2992308";"VirtualRide"
"478";279854;4419;2018-11-30 12:22:25;"b2992308";"Ride"
"479";354926;4637;2018-11-25 10:59:56;"b2992308";"Ride"
"480";23332;2770;2018-11-21 18:13:55;"b2992308";"VirtualRide"
"481";359721;6277;2018-11-18 12:41:32;"b3995755";"Ride"
"482";36454;6699;2018-11-16 12:57:33;"b3995755";"Ride"
"483";27891;3467;2018-11-11 14:01:09;"b2992308";"VirtualRide"
"484";426842;8564;2018-11-05 10:14:08;"b2442923";"Ride"
"485";294553;5439;2018-11-02 11:46:02;"b2442923";"Ride"
"486";1546;2022;2018-10-31 18:27:00;"b2992308";"VirtualRide"
"487";310755;5529;2018-10-28 12:36:47;"b3995755";"Ride"
"488";304177;4884;2018-10-27 09:24:01;"b3995755";"Ride"
"489";17493;2431;2018-10-24 17:20:39;"b2992308";"VirtualRide"
"490";825215;12364;2018-10-21 08:23:10;"b2992308";"Ride"
"491";705661;11149;2018-10-19 08:42:15;"b2992308";"Ride"
"492";264444;4421;2018-10-18 08:28:27;"b3995755";"Ride"
"493";19276;4654;2018-10-15 07:51:01;"b3995755";"Ride"
"494";503408;7102;2018-10-14 11:58:20;"b2992308";"Ride"
"495";530393;7831;2018-10-13 12:45:13;"b2992308";"Ride"
"496";41464;3042;2018-10-11 13:34:17;NA;"Walk"
"497";300778;5510;2018-10-07 08:07:19;"b3995755";"Ride"
"498";503176;6456;2018-10-06 08:15:11;"b2992308";"Ride"
"499";379245;4936;2018-10-04 08:59:08;"b2992308";"Ride"
"500";672036;10224;2018-09-30 08:58:38;"b2992308";"Ride"
"501";248631;3561;2018-09-29 18:14:47;"b2992308";"VirtualRide"
"502";43818;3330;2018-09-27 11:29:30;NA;"Walk"
"503";289189;3568;2018-09-26 16:29:26;"b2992308";"Ride"
"504";12671;2531;2018-09-24 17:59:03;"b2992308";"VirtualRide"
"505";102981;16418;2018-09-22 08:01:47;"b2992308";"Ride"
"506";192415;3557;2018-09-20 12:41:25;"b3995755";"Ride"
"507";200426;3297;2018-09-18 16:35:12;"b3995755";"Ride"
"508";500822;6678;2018-09-16 08:12:20;"b2992308";"Ride"
"509";507863;6855;2018-09-14 07:43:28;"b2992308";"Ride"
"510";178889;2951;2018-09-05 18:17:13;"b2992308";"VirtualRide"
"511";251641;3968;2018-09-02 17:07:11;"b3995755";"Ride"
"512";246863;5616;2018-09-01 12:18:20;"b3995755";"Ride"
"513";557796;8546;2018-08-31 08:56:13;"b2992308";"Ride"
"514";311607;3781;2018-08-28 16:59:51;"b2992308";"Ride"
"515";481804;6546;2018-08-26 11:26:54;"b2992308";"Ride"
"516";66022;4893;2018-08-23 12:37:13;NA;"Walk"
"517";414186;6069;2018-08-22 15:50:39;"b3995755";"Ride"
"518";361258;4987;2018-08-22 06:57:14;"b3995755";"Ride"
"519";446196;6845;2018-08-19 08:15:55;"b2992308";"Ride"
"520";119877;17771;2018-08-18 07:49:18;"b2992308";"Ride"
"521";663201;10271;2018-08-17 11:05:58;"b2992308";"Ride"
"522";741877;10571;2018-08-14 11:29:01;"b2992308";"Ride"
"523";435776;7091;2018-08-10 15:40:01;"b2992308";"Ride"
"524";410315;7270;2018-08-08 08:03:55;"b2992308";"Ride"
"525";589317;9444;2018-08-06 07:45:14;"b2992308";"Ride"
"526";241151;5200;2018-08-04 08:36:09;"b3995755";"Ride"
"527";693954;9083;2018-08-03 10:15:20;"b2992308";"Ride"
"528";106685;16147;2018-08-01 08:02:12;"b2992308";"Ride"
"529";102284;13471;2018-07-30 07:34:17;"b2992308";"Ride"
"530";486302;8010;2018-07-26 07:28:04;"b2992308";"Ride"
"531";18806;2370;2018-07-25 10:03:10;NA;"Walk"
"532";429946;6954;2018-07-24 08:02:09;"b2992308";"Ride"
"533";467618;7708;2018-07-23 09:33:29;"b2992308";"Ride"
"534";261361;4287;2018-07-22 13:37:32;"b2992308";"Ride"
"535";10165;15110;2018-07-20 08:30:15;"b2992308";"Ride"
"536";452493;5947;2018-07-19 07:43:31;"b2992308";"Ride"
"537";51045;1802;2018-07-17 08:55:21;NA;"Run"
"538";417368;5790;2018-07-16 12:26:36;"b2992308";"Ride"
"539";142829;19097;2018-07-14 08:02:44;"b2992308";"Ride"
"540";763092;10569;2018-07-10 10:42:27;"b2992308";"Ride"
"541";313285;4090;2018-07-09 08:02:16;"b2992308";"Ride"
"542";90918;2260;2018-07-08 07:50:04;"b3995755";"Ride"
"543";921854;14274;2018-07-06 08:43:55;"b2992308";"Ride"
"544";342693;4307;2018-07-05 08:16:25;"b2992308";"Ride"
"545";184952;3289;2018-07-04 17:58:44;"b2442923";"Ride"
"546";365898;5039;2018-07-01 17:31:07;"b2992308";"Ride"
"547";876952;11572;2018-06-29 09:05:33;"b2992308";"Ride"
"548";403797;5392;2018-06-28 09:57:07;"b2992308";"Ride"
"549";508505;6927;2018-06-26 08:39:37;"b2992308";"Ride"
"550";5034;1909;2018-06-24 11:43:46;NA;"Run"
"551";348199;4382;2018-06-20 17:35:50;"b2992308";"Ride"
"552";53564;1909;2018-06-19 18:20:39;NA;"Run"
"553";960318;11757;2018-06-17 09:13:35;"b2992308";"Ride"
"554";487039;6432;2018-06-15 12:13:46;"b2992308";"Ride"
"555";300486;3674;2018-06-13 18:06:41;"b2992308";"Ride"
"556";51186;1823;2018-06-11 17:31:30;NA;"Run"
"557";870145;11426;2018-06-09 11:25:22;"b2992308";"Ride"
"558";441113;7600;2018-06-08 10:49:30;"b3995755";"Ride"
"559";44431;6125;2018-06-05 17:27:38;"b2992308";"Ride"
"560";176344;4541;2018-06-03 14:24:21;"b3995755";"Ride"
"561";362527;4634;2018-05-30 13:47:14;"b2992308";"Ride"
"562";364833;4986;2018-05-30 06:09:34;"b2992308";"Ride"
"563";390737;5593;2018-05-28 17:36:11;"b2992308";"Ride"
"564";113641;17423;2018-05-26 06:27:19;"b2992308";"Ride"
"565";19221;3922;2018-05-25 08:25:09;"b3995755";"Ride"
"566";208515;3280;2018-05-23 17:54:40;"b3995755";"Ride"
"567";693479;13892;2018-05-20 07:15:55;"b2992308";"Ride"
"568";704563;13948;2018-05-19 07:13:57;"b2992308";"Ride"
"569";683337;16517;2018-05-18 09:49:32;"b2992308";"Ride"
"570";404842;5317;2018-05-14 17:02:19;"b2992308";"Ride"
"571";182767;4077;2018-05-13 08:50:46;"b3995755";"Ride"
"572";457022;8572;2018-05-12 08:23:59;"b3995755";"Ride"
"573";25272;5494;2018-05-11 13:35:49;"b2992308";"Ride"
"574";113955;2432;2018-05-10 09:14:02;"b3995755";"Ride"
"575";512799;7041;2018-05-09 15:10:51;"b2992308";"Ride"
"576";926454;12006;2018-05-06 07:44:16;"b2992308";"Ride"
"577";420575;5565;2018-05-04 09:27:11;"b2992308";"Ride"
"578";664021;8771;2018-05-03 11:57:40;"b2992308";"Ride"
"579";44765;3776;2018-05-03 08:10:14;NA;"Walk"
"580";292592;3773;2018-05-02 06:45:16;"b2992308";"Ride"
"581";601744;11427;2018-04-30 08:32:38;"b2992308";"Ride"
"582";919007;17690;2018-04-29 07:32:11;"b2992308";"Ride"
"583";814126;15142;2018-04-28 08:17:10;"b2992308";"Ride"
"584";701689;13006;2018-04-27 09:44:42;"b2992308";"Ride"
"585";310055;9211;2018-04-22 07:38:12;"b2442923";"Ride"
"586";555245;16323;2018-04-21 08:31:28;"b2442923";"Ride"
"587";495662;6665;2018-04-20 11:26:02;"b2992308";"Ride"
"588";387651;5346;2018-04-19 06:07:39;"b2992308";"Ride"
"589";427656;5336;2018-04-17 16:48:51;"b2992308";"Ride"
"590";54741;4152;2018-04-15 11:42:42;NA;"Walk"
"591";310131;6096;2018-04-14 08:51:01;"b3995755";"Ride"
"592";619675;8102;2018-04-13 09:07:38;"b2992308";"Ride"
"593";17201;2837;2018-04-09 18:09:08;"b2992308";"VirtualRide"
"594";134898;16788;2018-04-07 07:21:22;"b2992308";"Ride"
"595";553857;7486;2018-04-06 08:50:38;"b2992308";"Ride"
"596";320489;6297;2018-04-04 17:25:20;"b2992308";"VirtualRide"
"597";294023;4641;2018-04-02 05:58:56;"b2992308";"Ride"
"598";136868;21667;2018-03-31 06:46:30;"b2992308";"Ride"
"599";289708;4061;2018-03-30 11:09:25;"b2992308";"Ride"
"600";26298;3591;2018-03-27 17:46:19;"b2992308";"VirtualRide"
"601";761219;11935;2018-03-25 07:51:32;"b2992308";"Ride"
"602";59096;4467;2018-03-24 13:50:35;NA;"Walk"
"603";476084;6232;2018-03-23 12:40:02;"b2992308";"Ride"
"604";24005;3250;2018-03-20 18:43:16;"b2992308";"VirtualRide"
"605";283582;3777;2018-03-18 09:05:00;"b2992308";"VirtualRide"
"606";265707;3614;2018-03-16 10:56:09;"b3995755";"Ride"
"607";20564;2951;2018-03-13 18:27:42;"b2992308";"VirtualRide"
"608";324994;6404;2018-03-11 08:53:05;NA;"Snowboard"
"609";617211;14546;2018-03-10 09:33:50;NA;"Snowboard"
"610";607999;11616;2018-03-09 10:41:17;NA;"Snowboard"
"611";367813;5210;2018-03-04 12:10:26;"b3995755";"Ride"
"612";218582;2606;2018-03-02 17:59:57;"b2992308";"VirtualRide"
"613";103167;1805;2018-03-01 15:33:36;"b2992308";"VirtualRide"
"614";145393;2604;2018-02-22 15:34:53;"b2992308";"Ride"
"615";61106;5793;2018-02-12 15:06:07;NA;"Hike"
"616";79045;7181;2018-02-11 13:23:16;NA;"Hike"
"617";300498;3890;2018-02-07 15:21:34;"b2992308";"Ride"
"618";210145;3374;2018-01-27 09:57:19;"b2992308";"VirtualRide"
"619";107209;1625;2018-01-25 15:31:25;"b2992308";"VirtualRide"
"620";452284;5816;2018-01-21 12:14:55;"b2992308";"Ride"
"621";12325;3218;2018-01-21 10:21:56;"b2992308";"Ride"
"622";356375;4747;2018-01-19 12:21:39;"b2992308";"Ride"
"623";200492;3616;2018-01-18 15:01:40;"b2992308";"VirtualRide"
"624";276203;3642;2018-01-16 18:54:10;"b2992308";"VirtualRide"
"625";378366;6435;2018-01-14 09:07:33;"b3995755";"Ride"
"626";258383;3288;2018-01-12 13:08:43;"b2992308";"Ride"
"627";283808;3521;2018-01-11 18:45:25;"b2992308";"VirtualRide"
"628";216801;2947;2018-01-09 18:53:29;"b2992308";"VirtualRide"
"629";306279;4934;2018-01-07 12:19:59;"b3995755";"Ride"
"630";171978;2128;2017-12-28 18:36:48;"b2992308";"VirtualRide"
"631";312646;4483;2017-12-26 10:13:48;"b3995755";"Ride"
"632";246627;3549;2017-12-25 11:08:31;"b2992308";"VirtualRide"
"633";24661;1995;2017-12-24 12:11:13;NA;"Walk"
"634";359571;7636;2017-12-23 11:00:07;"b2442923";"Ride"
"635";19214;2685;2017-12-22 14:44:39;"b2992308";"VirtualRide"
"636";257746;3551;2017-12-19 19:20:55;"b2992308";"VirtualRide"
"637";355955;5042;2017-12-17 11:57:41;"b3995755";"Ride"
"638";180146;2841;2017-12-15 19:07:49;"b2992308";"VirtualRide"
"639";34732;2885;2017-12-11 13:53:11;NA;"Walk"
"640";174177;2907;2017-12-08 14:21:55;"b3995755";"Ride"
"641";196362;2836;2017-12-04 18:49:22;"b2992308";"VirtualRide"
"642";213596;2293;2017-12-02 14:07:51;"b2992308";"VirtualRide"
"643";247019;3660;2017-12-01 15:06:37;"b2992308";"VirtualRide"
"644";211939;2867;2017-11-28 18:43:04;"b2992308";"VirtualRide"
"645";260778;3594;2017-11-26 10:37:58;"b3995755";"Ride"
"646";441495;7493;2017-11-24 12:32:53;"b3995755";"Ride"
"647";298157;3707;2017-11-23 18:41:26;"b2992308";"VirtualRide"
"648";23232;2658;2017-11-21 19:41:51;"b2992308";"VirtualRide"
"649";272268;4928;2017-11-19 10:41:51;"b3995755";"Ride"
"650";176393;2141;2017-11-17 17:39:23;"b2992308";"VirtualRide"
"651";213518;3043;2017-11-14 18:54:21;"b2992308";"VirtualRide"
"652";311298;3614;2017-11-12 13:57:54;"b2992308";"VirtualRide"
"653";27731;3798;2017-11-10 18:51:41;"b2992308";"VirtualRide"
"654";201849;2409;2017-11-08 19:15:01;"b2992308";"VirtualRide"
"655";209667;2713;2017-11-06 18:26:48;"b2992308";"VirtualRide"
"656";57255;4925;2017-11-04 11:40:07;NA;"Walk"
"657";292821;4258;2017-11-04 08:29:01;"b3995755";"Ride"
"658";295545;3466;2017-11-03 18:25:41;"b2992308";"VirtualRide"
"659";242629;3013;2017-10-31 18:43:00;"b2992308";"VirtualRide"
"660";301907;7198;2017-10-29 08:50:06;"b3995755";"Ride"
"661";221116;2988;2017-10-28 17:28:53;"b2992308";"VirtualRide"
"662";479925;5897;2017-10-27 11:22:44;"b2992308";"Ride"
"663";261787;5267;2017-10-20 13:45:31;"b3995755";"Ride"
"664";449788;7612;2017-10-19 10:09:38;"b3995755";"Ride"
"665";323177;6023;2017-10-18 08:01:55;"b2992308";"Ride"
"666";115896;19371;2017-10-17 07:17:07;"b2992308";"Ride"
"667";927199;16545;2017-10-16 08:05:16;"b2992308";"Ride"
"668";54334;10872;2017-10-15 07:51:06;"b3995755";"Ride"
"669";559858;8265;2017-10-14 11:59:50;"b2992308";"Ride"
"670";284118;4863;2017-10-13 10:54:53;"b3995755";"Ride"
"671";215169;3214;2017-10-09 18:20:14;"b2992308";"VirtualRide"
"672";55799;4410;2017-10-08 13:57:33;NA;"Walk"
"673";215484;3119;2017-10-03 17:47:53;"b2992308";"VirtualRide"
"674";111691;1943;2017-10-03 06:12:30;"b2992308";"Ride"
"675";63796;9367;2017-09-29 08:40:04;"b2992308";"Ride"
"676";350634;4678;2017-09-28 06:18:32;"b3995755";"Ride"
"677";114066;2085;2017-09-27 06:14:29;"b2266483";"Ride"
"678";151825;2603;2017-09-26 16:39:41;"b3995755";"Ride"
"679";121192;2249;2017-09-26 06:13:56;"b2266483";"Ride"
"680";273285;4891;2017-09-25 06:21:08;"b2266483";"Ride"
"681";706548;8830;2017-09-24 09:51:58;"b2992308";"Ride"
"682";616692;8297;2017-09-23 10:05:17;"b2992308";"Ride"
"683";251813;3730;2017-09-21 07:15:23;"b2992308";"Ride"
"684";112953;1836;2017-09-20 06:25:19;"b2266483";"Ride"
"685";113193;1952;2017-09-18 05:45:05;"b2266483";"Ride"
"686";209287;2679;2017-09-17 15:30:56;"b2992308";"Ride"
"687";12102;19050;2017-09-16 07:12:13;"b2992308";"Ride"
"688";112824;1966;2017-09-13 06:10:01;"b2266483";"Ride"
"689";381851;5192;2017-09-12 16:18:04;"b2992308";"Ride"
"690";113682;2059;2017-09-11 06:20:58;"b2266483";"Ride"
"691";321705;3976;2017-09-10 11:11:22;"b2992308";"Ride"
"692";263376;2858;2017-09-08 18:10:10;"b2992308";"VirtualRide"
"693";291665;3738;2017-09-03 16:31:46;"b2992308";"Ride"
"694";8447;10768;2017-09-01 08:26:06;"b2992308";"Ride"
"695";51969;734;2017-08-29 19:45:59;"b2992308";"Ride"
"696";367687;5214;2017-08-29 16:57:22;"b2992308";"Ride"
"697";179471;2346;2017-08-26 14:39:00;"b2992308";"Ride"
"698";114263;1036;2017-08-26 13:57:37;"b2992308";"Ride"
"699";225889;2959;2017-08-26 10:27:00;"b2992308";"Ride"
"700";218579;2829;2017-08-26 09:27:37;"b2992308";"Ride"
"701";206984;2659;2017-08-24 15:14:24;"b2992308";"Ride"
"702";428711;5911;2017-08-22 17:09:58;"b2992308";"Ride"
"703";676122;10225;2017-08-20 07:19:23;"b2992308";"Ride"
"704";131592;19379;2017-08-19 08:36:05;"b2992308";"Ride"
"705";381056;5585;2017-08-18 15:21:39;"b2992308";"Ride"
"706";32194;4132;2017-08-16 13:04:46;"b2992308";"Ride"
"707";98331;19782;2017-08-12 08:05:14;"b2992308";"Ride"
"708";405715;9571;2017-08-10 13:37:49;"b2992308";"Ride"
"709";626677;11227;2017-08-09 09:56:56;"b2992308";"Ride"
"710";516694;10319;2017-08-08 10:00:39;"b2992308";"Ride"
"711";108557;22582;2017-08-07 09:45:37;"b2992308";"Ride"
"712";533044;9960;2017-08-06 11:19:10;"b2992308";"Ride"
"713";286985;4933;2017-08-05 16:45:33;"b2992308";"Ride"
"714";24625;2739;2017-08-03 09:02:46;NA;"Hike"
"715";709026;14831;2017-08-02 08:52:32;"b2992308";"Ride"
"716";101197;10750;2017-08-01 09:32:58;NA;"Hike"
"717";700806;15398;2017-07-31 08:51:38;"b2992308";"Ride"
"718";237743;5380;2017-07-29 08:30:04;"b3995755";"Ride"
"719";414699;8242;2017-07-28 13:26:48;"b2992308";"Ride"
"720";116589;9896;2017-07-27 08:45:13;NA;"Hike"
"721";469713;10569;2017-07-26 09:32:15;"b2992308";"Ride"
"722";333261;6812;2017-07-25 07:41:41;"b3995755";"Ride"
"723";100725;9484;2017-07-23 07:48:37;NA;"Hike"
"724";519506;11323;2017-07-22 07:36:28;"b2992308";"Ride"
"725";442372;9322;2017-07-21 07:59:37;"b3995755";"Ride"
"726";606744;7964;2017-07-18 08:24:43;"b2992308";"Ride"
"727";72057;4949;2017-07-17 11:11:18;NA;"Walk"
"728";0;1;2017-07-16 14:42:03;"b2992308";"Ride"
"729";543596;6917;2017-07-16 12:39:38;"b2992308";"Ride"
"730";393182;6904;2017-07-10 10:18:29;"b2266483";"Ride"
"731";105088;18285;2017-07-08 08:34:43;"b2992308";"Ride"
"732";178378;3248;2017-07-07 12:00:01;"b3995755";"Ride"
"733";379541;5728;2017-07-06 14:40:42;"b2992308";"Ride"
"734";353399;4692;2017-07-06 06:05:49;"b2992308";"Ride"
"735";377063;5164;2017-07-05 13:12:06;"b2992308";"Ride"
"736";3658;4819;2017-07-05 06:01:52;"b2992308";"Ride"
"737";42065;7538;2017-07-02 12:16:32;"b2992308";"Ride"
"738";234234;3724;2017-07-02 10:11:24;"b2992308";"Ride"
"739";324971;4280;2017-06-29 14:38:16;"b2992308";"Ride"
"740";95465;1271;2017-06-26 18:17:11;"b2992308";"Ride"
"741";314736;4159;2017-06-25 11:17:31;"b2992308";"Ride"
"742";53101;742;2017-06-23 13:57:04;"b2992308";"Ride"
"743";80479;1136;2017-06-23 07:48:48;"b2992308";"Ride"
"744";370474;5917;2017-06-22 14:16:55;"b2992308";"Ride"
"745";414487;5222;2017-06-19 17:51:34;"b2992308";"Ride"
"746";354938;5815;2017-06-19 12:52:42;"b2992308";"Ride"
"747";456196;6019;2017-06-14 14:05:07;"b2992308";"Ride"
"748";388803;5535;2017-06-14 06:25:55;"b2992308";"Ride"
"749";393712;6908;2017-06-11 08:10:34;"b2992308";"Ride"
"750";161456;25707;2017-06-10 05:40:31;"b2992308";"Ride"
"751";258943;3355;2017-06-07 17:02:43;"b2992308";"Ride"
"752";648285;12122;2017-06-04 08:49:38;"b2992308";"Ride"
"753";562236;10087;2017-06-03 10:41:17;"b2992308";"Ride"
"754";803711;12879;2017-06-02 09:16:35;"b2992308";"Ride"
"755";20987;4473;2017-06-01 17:23:16;"b2992308";"Ride"
"756";228345;3997;2017-05-31 18:02:35;"b2442923";"Ride"
"757";38219;6052;2017-05-27 08:56:47;"b2992308";"Ride"
"758";246324;4954;2017-05-26 08:27:52;"b2992308";"Ride"
"759";31993;3821;2017-05-22 18:11:09;"b2992308";"Ride"
"760";248295;3636;2017-05-22 17:05:26;"b2992308";"Ride"
"761";424102;5905;2017-05-20 06:48:10;"b2992308";"Ride"
"762";742849;9780;2017-05-17 06:12:07;"b2992308";"Ride"
"763";151083;3448;2017-05-16 18:31:06;"b2992308";"Ride"
"764";544793;8985;2017-05-14 06:46:15;"b2992308";"Ride"
"765";791151;14744;2017-05-13 07:14:57;"b2992308";"Ride"
"766";114015;21020;2017-05-12 07:38:02;"b2992308";"Ride"
"767";621951;9648;2017-05-06 12:41:48;"b2992308";"Ride"
"768";130346;19063;2017-05-05 07:00:50;"b2992308";"Ride"
"769";393663;5038;2017-05-04 12:10:11;"b2992308";"Ride"
"770";241248;2778;2017-04-30 10:54:55;"b2992308";"Ride"
"771";112801;18550;2017-04-29 07:35:51;"b1350013";"Ride"
"772";823258;15713;2017-04-28 08:17:34;"b1350013";"Ride"
"773";675552;11485;2017-04-27 13:10:13;"b1350013";"Ride"
"774";514214;8438;2017-04-26 13:54:30;"b2992308";"Ride"
"775";386794;5215;2017-04-24 11:15:11;"b2992308";"Ride"
"776";733865;9759;2017-04-23 06:31:29;"b2992308";"Ride"
"777";650318;8442;2017-04-21 11:33:32;"b2992308";"Ride"
"778";378703;5292;2017-04-20 06:05:09;"b2992308";"Ride"
"779";34971;5068;2017-04-19 16:58:45;"b2992308";"Ride"
"780";51991;10113;2017-04-16 07:54:39;"b2992308";"Ride"
"781";47436;8056;2017-04-15 09:01:35;"b2992308";"Ride"
"782";727673;13550;2017-04-14 10:36:09;"b2992308";"Ride"
"783";356765;4575;2017-04-13 08:04:37;"b2992308";"Ride"
"784";517898;7685;2017-04-09 08:10:52;"b2992308";"Ride"
"785";474503;5218;2017-04-08 15:29:04;"b2992308";"Ride"
"786";21222;3074;2017-04-07 17:48:53;"b2992308";"Ride"
"787";306306;3505;2017-04-05 17:48:16;"b2992308";"Ride"
"788";240368;3008;2017-04-03 17:20:30;"b2992308";"Ride"
"789";655274;9567;2017-04-02 08:26:03;"b2992308";"Ride"
"790";367431;4769;2017-03-28 14:42:34;"b2992308";"Ride"
"791";53941;2005;2017-03-27 17:19:36;NA;"Run"
"792";405927;5778;2017-03-26 08:16:12;"b2992308";"Ride"
"793";902583;13428;2017-03-24 09:28:50;"b2992308";"Ride"
"794";455428;7769;2017-03-23 09:55:08;"b2992308";"Ride"
"795";37892;5205;2017-03-22 07:43:50;"b2992308";"Ride"
"796";49565;1729;2017-03-19 10:01:15;NA;"Run"
"797";214161;2867;2017-03-18 18:56:46;"b2992308";"Ride"
"798";507432;7667;2017-03-16 09:50:37;"b2992308";"Ride"
"799";451489;5944;2017-03-16 07:29:37;"b2992308";"Ride"
"800";307185;4914;2017-03-12 08:35:09;"b3079109";"Ride"
"801";48269;3630;2017-03-11 15:08:57;NA;"Walk"
"802";615136;9428;2017-03-10 11:50:38;"b2992308";"Ride"
"803";732758;14810;2017-03-05 07:03:55;"b1350013";"Ride"
"804";415938;6109;2017-03-04 15:00:48;"b1350013";"Ride"
"805";704669;10598;2017-03-03 09:56:58;"b1350013";"Ride"
"806";471368;8597;2017-02-18 09:54:08;"b2992308";"Ride"
"807";65289;906;2017-02-17 13:58:54;"b2992308";"Ride"
"808";117679;16162;2017-02-17 08:11:56;"b2992308";"Ride"
"809";272207;2774;2017-02-15 19:10:35;"b2992308";"VirtualRide"
"810";41268;5770;2017-02-14 14:49:47;"b2992308";"Ride"
"811";299029;5956;2017-02-12 14:25:05;"b2442923";"Ride"
"812";21331;3634;2017-02-11 12:32:56;"b2992308";"Ride"
"813";561925;7933;2017-02-01 09:34:01;"b2992308";"Ride"
"814";222894;2648;2017-01-30 18:55:11;"b2992308";"Ride"
"815";230451;5479;2017-01-28 14:02:47;"b2442923";"Ride"
"816";241881;2577;2017-01-27 11:27:42;"b2992308";"VirtualRide"
"817";236564;3426;2017-01-24 19:03:52;"b2992308";"Ride"
"818";225712;3007;2017-01-20 18:55:27;"b2992308";"Ride"
"819";447135;5504;2017-01-19 12:29:59;"b2992308";"Ride"
"820";56014;2001;2017-01-17 15:47:04;NA;"Run"
"821";48415;3785;2017-01-15 10:27:29;NA;"Walk"
"822";50572;3638;2017-01-14 15:06:39;NA;"Walk"
"823";259055;3156;2017-01-13 14:28:40;"b2992308";"VirtualRide"
"824";261038;2518;2017-01-11 18:56:34;"b2992308";"VirtualRide"
"825";331703;7037;2016-12-30 11:42:37;"b2992308";"Ride"
"826";44142;4035;2016-12-30 08:36:37;NA;"Walk"
"827";94545;7479;2016-12-29 09:24:09;NA;"Walk"
"828";42963;8839;2016-12-28 12:20:10;"b2992308";"Ride"
"829";78286;6798;2016-12-28 08:48:37;NA;"Walk"
"830";44957;3435;2016-12-26 14:08:20;NA;"Walk"
"831";203285;2286;2016-12-25 12:42:03;"b2992308";"VirtualRide"
"832";358374;5646;2016-12-24 10:21:05;"b2992308";"Ride"
"833";206145;2415;2016-12-20 18:50:25;"b2992308";"VirtualRide"
"834";65223;2397;2016-12-17 12:33:42;NA;"Run"
"835";434383;6506;2016-12-14 06:33:40;"b2992308";"Ride"
"836";288524;6977;2016-12-11 09:32:57;"b2442923";"Ride"
"837";402382;5423;2016-12-09 13:07:40;"b2992308";"Ride"
"838";26102;3278;2016-12-07 18:11:13;"b2992308";"VirtualRide"
"839";429731;6941;2016-12-03 12:41:01;"b2992308";"Ride"
"840";59592;4019;2016-12-02 13:35:51;NA;"Walk"
"841";237049;2427;2016-11-27 18:53:29;"b2992308";"VirtualRide"
"842";48523;3694;2016-11-27 13:59:39;NA;"Walk"
"843";285569;5693;2016-11-25 12:08:34;"b2442923";"Ride"
"844";95647;962;2016-11-23 19:31:59;"b2992308";"VirtualRide"
"845";248577;3669;2016-11-20 09:20:23;"b2992308";"VirtualRide"
"846";178249;2023;2016-11-17 17:52:23;"b2992308";"VirtualRide"
"847";238847;2759;2016-11-15 18:18:31;"b2992308";"VirtualRide"
"848";56782;2058;2016-11-13 10:15:51;NA;"Run"
"849";500954;6936;2016-11-11 09:34:53;"b2992308";"Ride"
"850";6868;1004;2016-11-03 18:57:10;"b2992308";"Ride"
"851";368026;4997;2016-11-03 13:45:37;"b2992308";"Ride"
"852";85;14520;2016-10-30 09:20:00;"b2992308";"Ride"
"853";485677;6400;2016-10-28 11:09:52;"b2992308";"Ride"
"854";368593;6848;2016-10-27 12:56:42;"b2442923";"Ride"
"855";499966;9927;2016-10-25 08:19:38;"b3079109";"Ride"
"856";57453;5391;2016-10-24 13:24:16;NA;"Walk"
"857";340056;7105;2016-10-23 12:56:36;"b3079109";"Ride"
"858";181199;4274;2016-10-23 09:21:19;"b2442923";"Ride"
"859";67735;6181;2016-10-22 12:56:45;NA;"Walk"
"860";26513;3633;2016-10-20 17:52:23;"b2992308";"VirtualRide"
"861";35344;2786;2016-10-16 14:12:07;NA;"Walk"
"862";421698;6829;2016-10-16 08:26:19;"b3079109";"Ride"
"863";233688;4488;2016-10-14 11:17:07;"b2442923";"Ride"
"864";367207;5248;2016-10-11 14:21:33;"b2266483";"Ride"
"865";375056;5350;2016-10-11 06:06:20;"b2266483";"Ride"
"866";324228;4368;2016-10-09 14:04:50;"b2992308";"Ride"
"867";616867;8018;2016-09-30 08:27:52;"b2992308";"Ride"
"868";336377;4280;2016-09-28 16:48:07;"b2992308";"Ride"
"869";417584;6703;2016-09-25 08:32:03;"b3079109";"Ride"
"870";474785;8403;2016-09-23 11:22:33;"b2992308";"Ride"
"871";314694;3857;2016-09-20 14:18:10;"b2992308";"Ride"
"872";280106;4688;2016-09-18 13:44:03;"b3079109";"Ride"
"873";844565;10676;2016-09-15 14:46:33;"b2992308";"Ride"
"874";278074;3283;2016-09-12 16:54:43;"b2992308";"Ride"
"875";466112;6117;2016-09-09 15:16:08;"b2992308";"Ride"
"876";318515;3878;2016-09-08 16:53:27;"b2992308";"Ride"
"877";434063;6102;2016-09-06 13:49:35;"b2992308";"Ride"
"878";301389;3644;2016-09-01 17:20:23;"b2992308";"Ride"
"879";421687;5192;2016-08-31 14:16:14;"b2992308";"Ride"
"880";285111;5535;2016-08-28 08:04:07;"b2992308";"Ride"
"881";858606;14301;2016-08-27 08:43:42;"b2992308";"Ride"
"882";830219;13440;2016-08-26 13:06:30;"b2992308";"Ride"
"883";463164;6009;2016-08-24 16:43:55;"b2992308";"Ride"
"884";382226;4933;2016-08-23 13:50:49;"b2992308";"Ride"
"885";62254;2214;2016-08-21 17:34:25;NA;"Run"
"886";610149;7999;2016-08-19 08:51:30;"b2992308";"Ride"
"887";767965;9898;2016-08-18 08:42:16;"b2992308";"Ride"
"888";101188;15980;2016-08-16 08:36:35;"b2992308";"Ride"
"889";293265;4887;2016-08-13 13:35:32;"b2992308";"Ride"
"890";156622;12362;2016-08-13 07:17:45;NA;"Walk"
"891";55722;4604;2016-08-12 09:18:59;NA;"Hike"
"892";384927;7151;2016-08-11 13:22:58;"b2992308";"Ride"
"893";274847;5930;2016-08-11 09:31:53;"b3079109";"Ride"
"894";51738;10923;2016-08-10 08:14:44;"b3079109";"Ride"
"895";408157;8743;2016-08-08 09:58:06;"b3079109";"Ride"
"896";458135;11681;2016-08-06 12:32:55;"b2992308";"Ride"
"897";345596;7382;2016-08-05 12:53:39;"b2992308";"Ride"
"898";83721;9233;2016-08-04 08:51:34;NA;"Hike"
"899";108656;19493;2016-08-03 11:27:28;"b2992308";"Ride"
"900";63435;8141;2016-08-02 09:35:17;NA;"Hike"
"901";503813;10915;2016-08-01 12:12:49;"b2992308";"Ride"
"902";556718;8893;2016-07-30 08:03:31;"b2992308";"Ride"
"903";66434;12018;2016-07-28 11:34:31;"b2992308";"Ride"
"904";571653;12153;2016-07-27 08:05:16;"b3079109";"Ride"
"905";401136;6462;2016-07-26 13:16:33;"b2992308";"Ride"
"906";79741;6319;2016-07-26 07:35:04;NA;"Hike"
"907";405788;9026;2016-07-25 08:18:15;"b3079109";"Ride"
"908";187184;3213;2016-07-24 17:41:09;"b2992308";"Ride"
"909";51835;4129;2016-07-24 10:59:38;NA;"Hike"
"910";104038;1455;2016-07-22 09:25:08;"b2992308";"Ride"
"911";816249;15426;2016-07-18 07:53:15;"b2992308";"Ride"
"912";869148;20095;2016-07-17 07:40:09;"b2992308";"Ride"
"913";864605;16403;2016-07-16 09:29:43;"b2992308";"Ride"
"914";339206;4554;2016-07-12 17:42:39;"b2992308";"Ride"
"915";506695;8237;2016-07-09 09:29:33;"b2992308";"Ride"
"916";427411;5830;2016-07-08 12:15:48;"b2992308";"Ride"
"917";390204;4612;2016-07-06 11:34:27;"b2992308";"Ride"
"918";505728;6607;2016-07-04 17:11:26;"b2992308";"Ride"
"919";363979;4887;2016-07-02 09:47:20;"b2992308";"Ride"
"920";286497;3753;2016-07-01 13:46:35;"b2992308";"Ride"
"921";314324;3940;2016-06-28 17:58:20;"b2992308";"Ride"
"922";419606;5505;2016-06-25 09:27:17;"b2992308";"Ride"
"923";404541;5256;2016-06-24 12:31:05;"b2992308";"Ride"
"924";30778;4346;2016-06-23 13:37:45;"b1289756";"Ride"
"925";419436;5934;2016-06-22 17:32:38;"b1289756";"Ride"
"926";307845;4993;2016-06-11 15:50:14;"b1289756";"Ride"
"927";882616;13579;2016-06-10 07:49:14;"b1289756";"Ride"
"928";337257;4398;2016-06-08 17:59:53;"b1289756";"Ride"
"929";419375;5650;2016-06-07 13:01:11;"b1289756";"Ride"
"930";404428;7329;2016-06-05 09:42:01;"b1289756";"Ride"
"931";865841;12531;2016-06-04 10:31:13;"b1289756";"Ride"
"932";51265;4540;2016-05-31 13:40:30;NA;"Walk"
"933";8206;16340;2016-05-28 08:11:06;"b1289756";"Ride"
"934";10564;20194;2016-05-27 08:36:35;"b1289756";"Ride"
"935";66398;5376;2016-05-22 08:07:03;NA;"Walk"
"936";159696;23381;2016-05-21 06:01:08;"b1289756";"Ride"
"937";234188;35372;2016-05-16 04:27:49;"b1289756";"Ride"
"938";211483;3478;2016-05-14 13:15:42;"b1289756";"Ride"
"939";109762;17943;2016-05-13 08:21:13;"b1289756";"Ride"
"940";227829;2961;2016-05-10 17:24:38;"b1289756";"Ride"
"941";1992;382;2016-05-10 14:32:57;"b2266483";"Ride"
"942";450191;6091;2016-05-08 13:06:53;"b1289756";"Ride"
"943";106487;20601;2016-05-06 07:44:35;"b1289756";"Ride"
"944";577893;9232;2016-05-05 13:07:02;"b1289756";"Ride"
"945";613092;13274;2016-05-04 08:16:07;"b1289756";"Ride"
"946";34687;6184;2016-05-03 13:26:14;"b1289756";"Ride"
"947";836531;13959;2016-05-02 07:45:09;"b1289756";"Ride"
"948";271242;4115;2016-04-30 16:46:35;"b1289756";"Ride"
"949";42807;1501;2016-04-28 18:15:47;NA;"Run"
"950";197889;2496;2016-04-26 17:55:25;"b1289756";"VirtualRide"
"951";86935;14661;2016-04-23 08:19:58;"b1289756";"Ride"
"952";516128;6310;2016-04-21 13:36:48;"b1289756";"Ride"
"953";250081;3690;2016-04-19 17:57:18;"b1289756";"VirtualRide"
"954";52382;1999;2016-04-18 14:38:10;NA;"Run"
"955";677453;10401;2016-04-17 09:01:30;"b1289756";"Ride"
"956";312217;4154;2016-04-14 16:54:32;"b1289756";"Ride"
"957";207282;3458;2016-04-12 18:18:54;"b1289756";"Ride"
"958";805051;14769;2016-04-10 08:38:41;"b1289756";"Ride"
"959";380356;4051;2016-04-09 15:56:46;"b1289756";"Ride"
"960";279911;4932;2016-04-08 10:51:01;"b2442923";"Ride"
"961";191307;2821;2016-04-06 18:11:00;"b1289756";"Ride"
"962";316657;3782;2016-04-04 16:12:50;"b1289756";"Ride"
"963";73564;9743;2016-04-02 08:55:14;"b1289756";"Ride"
"964";842955;11597;2016-04-01 08:26:31;"b1289756";"Ride"
"965";260841;3628;2016-03-22 18:33:02;"b1289756";"VirtualRide"
"966";449867;6197;2016-03-20 09:39:54;"b1289756";"Ride"
"967";303952;4368;2016-03-19 18:38:35;"b1289756";"VirtualRide"
"968";237315;2437;2016-03-15 18:51:54;"b1289756";"VirtualRide"
"969";659757;12009;2016-03-13 09:54:01;"b1289756";"Ride"
"970";46;7200;2016-03-11 10:40:00;"b1289756";"Ride"
"971";128605;2148;2016-03-11 10:24:23;"b1289756";"Ride"
"972";269773;3274;2016-03-08 18:37:50;"b1289756";"VirtualRide"
"973";49949;3588;2016-03-06 12:29:15;NA;"Walk"
"974";70272;2327;2016-03-05 10:02:33;NA;"Run"
"975";416718;6701;2016-03-04 13:19:29;"b1289756";"Ride"
"976";156071;1934;2016-03-03 19:17:33;"b1289756";"VirtualRide"
"977";53642;1954;2016-02-29 15:52:36;NA;"Run"
"978";633426;10015;2016-02-28 10:29:06;"b1289756";"Ride"
"979";50827;4108;2016-02-27 09:34:46;NA;"Walk"
"980";53762;1827;2016-02-24 15:47:21;NA;"Run"
"981";195972;2455;2016-02-21 18:54:35;"b1289756";"VirtualRide"
"982";563373;7756;2016-02-19 13:11:24;"b1289756";"Ride"
"983";50046;1756;2016-02-16 15:56:10;NA;"Run"
"984";235621;2754;2016-02-15 18:26:18;"b1289756";"VirtualRide"
"985";57969;3649;2016-02-09 10:02:53;NA;"Walk"
"986";435268;14654;2016-02-08 09:12:57;"b1350013";"Ride"
"987";451223;13223;2016-02-07 09:13:36;"b1350013";"Ride"
"988";185782;2901;2016-02-05 15:07:33;"b1289756";"Ride"
"989";220828;3606;2016-02-02 18:54:49;"b1289756";"Ride"
"990";4394;1597;2016-01-31 15:32:44;NA;"Run"
"991";344553;5194;2016-01-30 14:39:26;"b2442923";"Ride"
"992";182569;2666;2016-01-29 18:46:09;"b1289756";"Ride"
"993";244595;2716;2016-01-25 18:15:04;"b1289756";"VirtualRide"
"994";22121;3802;2016-01-22 12:51:28;"b1289756";"Ride"
"995";254045;2857;2016-01-20 18:50:07;"b1289756";"VirtualRide"
"996";220251;2234;2016-01-18 18:59:35;"b1289756";"VirtualRide"
"997";238412;6068;2016-01-17 09:12:29;"b2442923";"Ride"
"998";185646;2793;2016-01-16 18:40:44;"b1289756";"Ride"
"999";174779;2023;2016-01-15 15:10:46;"b1289756";"VirtualRide"
"1000";200956;2263;2016-01-13 19:12:51;"b1289756";"VirtualRide"
"1001";221517;2435;2016-01-12 19:14:12;"b1289756";"VirtualRide"
"1002";34536;4765;2016-01-10 09:47:29;"b1289756";"Ride"
"1003";344677;5245;2016-01-08 13:24:44;"b1289756";"Ride"
"1004";200086;2281;2016-01-02 13:08:59;"b1289756";"VirtualRide"
"1005";214361;2366;2016-01-01 18:49:31;"b1289756";"VirtualRide"
"1006";240426;5062;2015-12-30 09:22:19;"b2442923";"Ride"
"1007";754359;12894;2015-12-29 09:23:42;"b1289756";"Ride"
"1008";687626;9467;2015-12-28 10:15:05;"b1289756";"Ride"
"1009";67108;5444;2015-12-26 10:10:08;NA;"Hike"
"1010";218388;2594;2015-12-18 14:08:33;"b1289756";"VirtualRide"
"1011";51408;1693;2015-12-15 18:46:10;NA;"Run"
"1012";178686;2248;2015-12-14 18:23:15;"b1289756";"VirtualRide"
"1013";20113;2775;2015-12-08 18:53:48;"b1289756";"Ride"
"1014";275606;3032;2015-12-06 15:37:30;"b1289756";"VirtualRide"
"1015";6916;2642;2015-12-05 14:58:49;NA;"Run"
"1016";635204;8595;2015-12-04 12:07:14;"b1289756";"Ride"
"1017";250256;3604;2015-12-01 18:30:15;"b1289756";"Ride"
"1018";53964;1841;2015-11-29 14:54:58;NA;"Run"
"1019";541692;7293;2015-11-28 09:17:58;"b1289756";"Ride"
"1020";21337;2634;2015-11-27 18:28:55;"b1289756";"VirtualRide"
"1021";314406;5335;2015-11-25 18:31:25;"b1289756";"Ride"
"1022";170533;2031;2015-11-22 11:46:34;"b1289756";"VirtualRide"
"1023";236162;5408;2015-11-20 09:50:10;"b2442923";"Ride"
"1024";234049;2723;2015-11-17 19:14:13;"b1289756";"VirtualRide"
"1025";178805;4025;2015-11-15 09:40:30;"b2442923";"Ride"
"1026";180158;2604;2015-11-14 10:10:42;"b1289756";"Ride"
"1027";159498;2734;2015-11-13 12:44:20;"b2266483";"Ride"
"1028";57586;1935;2015-11-12 15:18:37;NA;"Run"
"1029";196681;2787;2015-11-11 19:07:31;"b1289756";"Ride"
"1030";48101;1674;2015-11-09 16:06:04;NA;"Run"
"1031";316433;6438;2015-11-08 09:20:39;"b2442923";"Ride"
"1032";413137;5804;2015-11-06 11:54:26;"b1289756";"Ride"
"1033";52271;1736;2015-11-02 16:01:10;NA;"Run"
"1034";250866;4932;2015-11-01 11:02:47;"b2266483";"Ride"
"1035";100349;14610;2015-10-31 09:27:39;"b1289756";"Ride"
"1036";10148;16760;2015-10-30 09:03:01;"b1289756";"Ride"
"1037";512883;6343;2015-10-29 13:25:08;"b1289756";"Ride"
"1038";50591;3838;2015-10-28 13:51:03;NA;"Walk"
"1039";544436;9645;2015-10-27 08:45:48;"b1289756";"Ride"
"1040";638255;11646;2015-10-26 08:57:29;"b1289756";"Ride"
"1041";319475;5384;2015-10-25 14:05:54;"b1289756";"Ride"
"1042";51;9000;2015-10-25 10:00:00;"b1289756";"Ride"
"1043";503092;6529;2015-10-23 12:09:30;"b1289756";"Ride"
"1044";194084;2234;2015-10-21 17:51:23;"b1289756";"VirtualRide"
"1045";51701;1637;2015-10-19 18:35:47;NA;"Run"
"1046";880126;9768;2015-10-18 07:04:04;"b1289756";"Ride"
"1047";189633;2135;2015-10-16 17:41:47;"b2992308";"VirtualRide"
"1048";189889;2416;2015-10-14 17:53:51;"b1289756";"VirtualRide"
"1049";44441;1492;2015-10-12 17:03:56;NA;"Run"
"1050";782951;13653;2015-10-11 09:13:32;"b1289756";"Ride"
"1051";698751;8973;2015-10-09 10:45:19;"b1289756";"Ride"
"1052";237799;3470;2015-10-07 17:53:12;"b1289756";"Ride"
"1053";47531;1436;2015-10-05 18:56:57;NA;"Run"
"1054";442007;8968;2015-10-04 08:26:42;"b2442923";"Ride"
"1055";640297;9490;2015-10-03 12:44:12;"b1289756";"Ride"
"1056";194529;2140;2015-10-02 18:20:13;"b1289756";"VirtualRide"
"1057";259232;4634;2015-10-02 11:04:16;"b2266483";"Ride"
"1058";19353;2497;2015-09-30 17:54:00;"b1289756";"VirtualRide"
"1059";505183;6474;2015-09-27 08:42:33;"b1289756";"Ride"
"1060";611779;9494;2015-09-26 11:47:28;"b1289756";"Ride"
"1061";172312;3263;2015-09-26 08:17:04;"b2266483";"Ride"
"1062";109497;14129;2015-09-25 08:23:46;"b1289756";"Ride"
"1063";245583;3470;2015-09-22 17:57:19;"b1289756";"Ride"
"1064";124457;20163;2015-09-19 07:08:52;"b1289756";"Ride"
"1065";43762;5370;2015-09-13 09:11:23;"b1289756";"Ride"
"1066";678969;8981;2015-09-11 07:44:00;"b1289756";"Ride"
"1067";283588;3410;2015-09-10 17:11:33;"b1289756";"Ride"
"1068";165365;2223;2015-09-08 18:12:29;"b1289756";"VirtualRide"
"1069";228499;3139;2015-09-06 12:57:46;"b1289756";"Ride"
"1070";174942;2417;2015-09-04 17:15:36;"b1289756";"VirtualRide"
"1071";190035;2428;2015-09-01 18:00:16;"b1289756";"VirtualRide"
"1072";495697;9040;2015-08-30 11:48:31;"b1289756";"Ride"
"1073";10877;17863;2015-08-28 10:06:51;"b1289756";"Ride"
"1074";140591;1842;2015-08-27 08:42:30;"b1289756";"Ride"
"1075";189951;2505;2015-08-25 17:30:46;"b1289756";"Ride"
"1076";625531;8904;2015-08-23 09:16:37;"b1289756";"Ride"
"1077";182893;3256;2015-08-21 13:13:18;"b2266483";"Ride"
"1078";687451;9795;2015-08-20 09:18:46;"b2266483";"Ride"
"1079";432744;5333;2015-08-18 12:09:24;"b1289756";"Ride"
"1080";10674;21196;2015-08-12 09:55:04;"b1289756";"Ride"
"1081";753696;15371;2015-08-08 09:32:21;"b1289756";"Ride"
"1082";541158;10600;2015-08-07 09:14:20;"b1289756";"Ride"
"1083";701783;14125;2015-08-06 09:12:45;"b1289756";"Ride"
"1084";584891;11241;2015-08-04 07:16:23;"b1289756";"Ride"
"1085";29239;6799;2015-08-02 13:39:38;"b1289756";"Ride"
"1086";629817;11809;2015-07-31 12:22:30;"b1289756";"Ride"
"1087";466075;7846;2015-07-30 13:12:05;"b1289756";"Ride"
"1088";140406;2090;2015-07-30 08:05:43;"b1289756";"Ride"
"1089";416179;7403;2015-07-28 07:34:48;"b1289756";"Ride"
"1090";488511;8804;2015-07-27 07:59:36;"b1289756";"Ride"
"1091";964068;15415;2015-07-23 09:16:20;"b1289756";"Ride"
"1092";748567;12932;2015-07-22 11:53:55;"b1289756";"Ride"
"1093";385604;5029;2015-07-21 13:33:29;"b1289756";"Ride"
"1094";890137;14666;2015-07-17 08:35:59;"b1289756";"Ride"
"1095";969905;13961;2015-07-16 09:54:08;"b1289756";"Ride"
"1096";717642;12311;2015-07-10 12:16:18;"b1289756";"Ride"
"1097";1e-04;1525;2015-07-09 13:51:42;"b1289756";"Ride"
"1098";331567;4171;2015-07-07 17:20:19;"b1289756";"Ride"
"1099";399264;5195;2015-07-05 07:14:22;"b1289756";"Ride"
"1100";703009;9361;2015-07-03 07:11:50;"b1289756";"Ride"
"1101";497221;6707;2015-07-01 17:25:04;"b1289756";"Ride"
"1102";395564;13245;2015-06-27 07:15:25;"b1350013";"Ride"
"1103";422349;5292;2015-06-25 13:46:21;"b1289756";"Ride"
"1104";0;3173;2015-06-23 18:02:49;"b1289756";"Ride"
"1105";31264;1227;2015-06-22 17:55:11;NA;"Run"
"1106";995991;15723;2015-06-20 07:40:58;"b1289756";"Ride"
"1107";0;3340;2015-06-18 18:50:12;"b1289756";"Ride"
"1108";5061;1878;2015-06-15 17:48:10;NA;"Run"
"1109";100743;13765;2015-06-14 07:27:31;"b1289756";"Ride"
"1110";315967;5606;2015-06-12 12:56:08;"b1289756";"Ride"
"1111";339392;4346;2015-06-11 18:11:59;"b1289756";"Ride"
"1112";411341;6688;2015-06-10 14:47:24;"b1289756";"Ride"
"1113";763295;13248;2015-06-07 09:45:23;"b1289756";"Ride"
"1114";85981;13662;2015-06-06 10:03:27;"b1289756";"Ride"
"1115";503719;6615;2015-06-04 14:31:41;"b1289756";"Ride"
"1116";461649;8067;2015-05-31 07:57:50;"b1289756";"Ride"
"1117";288849;3747;2015-05-26 17:34:57;"b1289756";"Ride"
"1118";10341;15642;2015-05-24 07:32:46;"b1289756";"Ride"
"1119";712788;10453;2015-05-22 12:48:56;"b1289756";"Ride"
"1120";481353;6695;2015-05-17 08:06:15;"b1289756";"Ride"
"1121";103496;15348;2015-05-15 09:01:14;"b1289756";"Ride"
"1122";272154;3523;2015-05-14 16:04:25;"b1289756";"Ride"
"1123";406684;5162;2015-05-11 17:40:41;"b1289756";"Ride"
"1124";698623;9608;2015-05-10 08:26:02;"b1289756";"Ride"
"1125";100254;16702;2015-05-08 09:01:33;"b1289756";"Ride"
"1126";10381;17751;2015-05-07 08:29:48;"b1289756";"Ride"
"1127";760624;11831;2015-05-06 11:55:08;"b1289756";"Ride"
"1128";542814;9916;2015-05-04 12:12:24;"b1289756";"Ride"
"1129";483446;8335;2015-05-02 13:49:41;"b1289756";"Ride"
"1130";424117;8317;2015-05-02 08:51:50;"b1289756";"Ride"
"1131";63249;11708;2015-05-01 11:15:04;"b1289756";"Ride"
"1132";404369;5579;2015-04-27 14:13:14;"b1289756";"Ride"
"1133";789683;13858;2015-04-25 07:11:10;"b1289756";"Ride"
"1134";102011;13818;2015-04-24 10:32:30;"b1289756";"Ride"
"1135";294348;3873;2015-04-21 17:31:29;"b1289756";"Ride"
"1136";446059;8049;2015-04-19 09:23:34;"b1289756";"Ride"
"1137";138558;18253;2015-04-18 08:37:41;"b1289756";"Ride"
"1138";334077;5290;2015-04-15 15:21:19;"b1289756";"Ride"
"1139";311243;3645;2015-04-13 16:53:04;"b1289756";"Ride"
"1140";447488;7453;2015-04-12 11:41:26;"b1289756";"Ride"
"1141";100909;12838;2015-04-10 07:56:19;"b1289756";"Ride"
"1142";793519;12377;2015-04-06 08:51:42;"b1289756";"Ride"
"1143";648282;8933;2015-04-05 10:16:58;"b1289756";"Ride"
"1144";0;1711;2015-04-04 17:17:39;"b1289756";"Ride"
"1145";0;3618;2015-04-03 17:44:13;"b1289756";"Ride"
"1146";4242;1481;2015-04-01 18:06:57;NA;"Run"
"1147";572645;10045;2015-03-27 08:14:06;"b1289756";"Ride"
"1148";491593;10759;2015-03-26 10:03:05;"b1289756";"Ride"
"1149";26807;1252;2015-03-25 16:43:56;NA;"Run"
"1150";321566;6931;2015-03-24 08:38:14;"b1289756";"Ride"
"1151";567437;9440;2015-03-23 11:52:32;"b1289756";"Ride"
"1152";342471;6820;2015-03-20 14:25:52;"b1289756";"Ride"
"1153";493964;8495;2015-03-19 10:17:39;"b1289756";"Ride"
"1154";239128;4752;2015-03-17 15:03:43;"b1289756";"Ride"
"1155";66674;9951;2015-03-07 12:48:56;"b1289756";"Ride"
"1156";439534;6602;2015-03-06 12:47:14;"b1289756";"Ride"
"1157";24104;4211;2015-03-05 09:30:50;"b1289756";"Ride"
"1158";0;3424;2015-03-03 16:24:42;"b1289756";"Ride"
"1159";304347;4705;2015-03-02 09:39:42;"b1289756";"Ride"
"1160";0;2404;2015-02-28 19:03:04;"b1289756";"Ride"
"1161";0;3022;2015-02-17 19:05:37;"b1289756";"Ride"
"1162";229851;3945;2015-02-14 15:01:15;"b1289756";"Ride"
"1163";0;2011;2015-02-13 17:10:43;"b1289756";"Ride"
"1164";0;3537;2015-02-10 18:34:21;"b1289756";"Ride"
"1165";0;2119;2015-02-08 14:20:57;"b1289756";"Ride"
"1166";0;1676;2015-02-03 18:51:46;"b1289756";"Ride"
"1167";315348;4459;2015-01-31 11:04:02;"b1289756";"Ride"
"1168";0;2049;2015-01-27 19:09:46;"b1289756";"Ride"
"1169";0;3518;2015-01-25 10:17:14;"b1289756";"Ride"
"1170";0;2749;2015-01-21 18:47:34;"b1289756";"Ride"
"1171";0;3494;2015-01-19 18:46:14;"b1289756";"Ride"
"1172";389537;5431;2015-01-16 12:49:59;"b1289756";"Ride"
"1173";1e-04;3383;2015-01-15 16:02:14;"b1289756";"Ride"
"1174";3796;1423;2015-01-12 13:37:44;NA;"Run"
"1175";18;6;2015-01-10 10:47:53;"b1289756";"Ride"
"1176";418356;5510;2015-01-07 12:04:15;"b1289756";"Ride"
"1177";306806;4266;2015-01-05 14:40:46;"b1289756";"Ride"
"1178";298136;4346;2015-01-04 10:54:36;"b1289756";"Ride"
"1179";320742;4196;2014-12-26 10:44:30;"b1289756";"Ride"
"1180";257368;3678;2014-12-21 10:43:33;"b1289756";"Ride"
"1181";442576;6521;2014-12-14 10:13:40;"b1289756";"Ride"
"1182";477206;6419;2014-12-06 13:40:01;"b1289756";"Ride"
"1183";0;0;2014-12-02 18:46:34;"b1289756";"Ride"
"1184";272;29;2014-11-27 18:52:44;"b1289756";"Ride"
"1185";0;0;2014-11-24 18:49:43;"b1289756";"Ride"
"1186";470534;6430;2014-11-22 11:16:53;"b1289756";"Ride"
"1187";229617;3561;2014-11-09 13:20:37;"b1289756";"Ride"
"1188";33413;4835;2014-11-08 09:33:08;"b1289756";"Ride"
"1189";39804;1412;2014-11-04 19:09:12;NA;"Run"
"1190";701727;10940;2014-11-02 09:34:36;"b1289756";"Ride"
"1191";44584;1575;2014-10-28 18:26:49;NA;"Run"
"1192";60;9600;2014-10-25 22:00:00;"b1289756";"Ride"
"1193";351251;6575;2014-10-25 10:12:32;"b1289756";"Ride"
"1194";411365;5663;2014-10-19 08:53:40;"b1289756";"Ride"
"1195";42555;1489;2014-10-17 17:01:22;NA;"Run"
"1196";43467;1617;2014-10-13 17:38:31;NA;"Run"
"1197";351595;4505;2014-10-12 08:15:16;"b1289756";"Ride"
"1198";581086;8400;2014-10-05 12:09:02;"b1289756";"Ride"
"1199";541272;8245;2014-10-04 09:18:03;"b1289756";"Ride"
"1200";402365;5265;2014-09-27 14:03:35;"b1289756";"Ride"
"1201";868044;17650;2014-09-21 08:03:49;"b1289756";"Ride"
"1202";132634;22544;2014-09-20 07:47:04;"b1289756";"Ride"
"1203";146;27;2014-09-20 06:53:54;"b1289756";"Ride"
"1204";384912;5605;2014-09-14 09:12:02;"b1289756";"Ride"
"1205";409941;6348;2014-08-16 11:23:07;"b1289756";"Ride"
"1206";31122;5137;2014-08-13 17:42:30;"b1289756";"Ride"
"1207";104618;15272;2014-08-09 09:30:52;"b1289756";"Ride"
"1208";235369;2918;2014-08-07 17:56:26;"b1289756";"Ride"
"1209";332528;5232;2014-08-05 17:20:28;"b1289756";"Ride"
"1210";485281;6680;2014-08-02 09:40:01;"b1289756";"Ride"
"1211";257555;3145;2014-07-31 18:09:21;"b1289756";"Ride"
"1212";469994;7634;2014-07-27 12:36:45;"b1289756";"Ride"
"1213";601496;7710;2014-07-26 08:58:14;"b1289756";"Ride"
"1214";242078;3874;2014-07-24 17:59:30;"b1289756";"Ride"
"1215";676505;13677;2014-07-19 07:39:58;"b1289756";"Ride"
"1216";713344;16724;2014-07-18 07:56:10;"b1289756";"Ride"
"1217";975899;20320;2014-07-17 07:40:10;"b1289756";"Ride"
"1218";3461;5700;2014-07-16 09:17:02;"b1289756";"Ride"
"1219";10031;15785;2014-07-15 08:28:32;"b1289756";"Ride"
"1220";617827;12957;2014-07-14 08:53:12;"b1289756";"Ride"
"1221";245448;5372;2014-07-13 12:34:19;"b1289756";"Ride"
"1222";301432;3976;2014-07-11 05:24:40;"b1289756";"Ride"
"1223";612173;9316;2014-07-06 08:41:28;"b1289756";"Ride"
"1224";627827;10407;2014-07-05 09:53:22;"b1289756";"Ride"
"1225";402626;5187;2014-06-25 17:37:59;"b1289756";"Ride"
"1226";887828;15772;2014-06-22 09:57:59;"b1289756";"Ride"
"1227";895355;15476;2014-06-21 07:51:38;"b1289756";"Ride"
"1228";430619;6873;2014-06-15 10:40:03;"b1289756";"Ride"
"1229";300403;4110;2014-06-12 05:24:06;"b1289756";"Ride"
"1230";474738;6098;2014-06-11 16:49:52;"b1289756";"Ride"
"1231";490392;11139;2014-06-08 09:48:50;"b1350013";"Ride"
"1232";254256;3162;2014-06-05 17:09:31;"b1289756";"Ride"
"1233";991605;18853;2014-05-31 07:58:43;"b1289756";"Ride"
"1234";919064;17761;2014-05-30 08:19:50;"b1289756";"Ride"
"1235";55655;10154;2014-05-29 13:19:30;"b1289756";"Ride"
"1236";713825;11115;2014-05-25 08:04:38;"b1289756";"Ride"
"1237";90151;6377;2014-05-24 11:47:08;NA;"Walk"
"1238";369583;4778;2014-05-20 17:32:55;"b1289756";"Ride"
"1239";794918;11913;2014-05-18 08:05:44;"b1289756";"Ride"
"1240";116981;16657;2014-05-17 07:55:19;"b1289756";"Ride"
"1241";348666;4450;2014-05-13 17:48:00;"b1289756";"Ride"
"1242";289372;3734;2014-05-10 16:24:29;"b1289756";"Ride"
"1243";66309;13851;2014-05-03 09:08:15;"b716318";"Ride"
"1244";910417;15740;2014-05-01 08:46:25;"b716318";"Ride"
"1245";188899;2575;2014-04-29 16:27:56;"b716318";"Ride"
"1246";379927;10899;2014-04-29 09:18:26;"b716318";"Ride"
"1247";216411;3526;2014-04-27 15:51:55;"b716318";"Ride"
"1248";41239;5906;2014-04-21 11:57:31;"b716318";"Ride"
"1249";674107;12087;2014-04-20 10:49:49;"b716318";"Ride"
"1250";702159;10878;2014-04-19 11:59:02;"b716318";"Ride"
"1251";298983;4473;2014-04-16 16:31:18;"b716318";"Ride"
"1252";795758;12284;2014-04-13 07:44:19;"b716318";"Ride"
"1253";37918;1544;2014-04-07 15:22:49;NA;"Run"
"1254";437533;6117;2014-04-05 13:59:46;"b716318";"Ride"
"1255";411627;5492;2014-04-03 17:03:25;"b716318";"Ride"
"1256";41266;1651;2014-04-01 17:46:04;NA;"Run"
"1257";470768;6889;2014-03-30 09:39:08;"b716318";"Ride"
"1258";940585;14728;2014-03-29 08:17:07;"b716318";"Ride"
"1259";50112;1943;2014-03-25 16:26:46;NA;"Run"
"1260";437172;7595;2014-03-23 08:04:37;"b716318";"Ride"
"1261";322142;4032;2014-03-20 06:25:18;"b716318";"Ride"
"1262";342572;4956;2014-03-19 16:20:02;"b716318";"Ride"
"1263";74952;5006;2014-03-15 10:16:23;NA;"Walk"
"1264";273467;6124;2014-03-14 14:06:37;"b716318";"Ride"
"1265";45338;1722;2014-03-11 17:13:20;NA;"Run"
"1266";43059;6588;2014-03-09 13:44:27;"b716318";"Ride"
"1267";90845;15507;2014-03-08 09:45:51;"b716318";"Ride"
"1268";188324;2933;2014-03-06 19:31:21;"b716318";"Ride"
"1269";334834;4860;2014-03-02 09:06:57;"b716318";"Ride"
"1270";349436;4701;2014-02-16 10:58:17;"b716318";"Ride"
"1271";324536;4321;2014-02-02 09:21:53;"b716318";"Ride"
"1272";43815;3369;2014-01-19 13:39:31;NA;"Walk"
"1273";352549;4913;2014-01-18 12:08:14;"b716318";"Ride"
"1274";604048;8961;2014-01-12 13:00:44;"b716318";"Ride"
"1275";128989;8995;2013-12-31 08:43:51;NA;"BackcountrySki"
"1276";462233;6175;2013-12-01 08:47:31;"b716318";"Ride"
"1277";497334;7588;2013-11-30 12:52:41;"b716318";"Ride"
"1278";379716;5710;2013-11-24 13:15:21;"b716318";"Ride"
"1279";0;2530;2013-11-18 18:17:57;"b716318";"Ride"
"1280";5743;2279;2013-11-17 10:59:04;NA;"Run"
"1281";44944;1557;2013-11-13 18:52:35;NA;"Run"
"1282";0;3308;2013-11-11 18:03:27;NA;"Workout"
"1283";680065;8745;2013-11-09 10:06:20;"b716318";"Ride"
"1284";486005;6548;2013-11-03 10:54:45;"b716318";"Ride"
"1285";43368;1638;2013-10-28 18:55:46;NA;"Run"
"1286";544073;7946;2013-10-26 11:23:20;"b716318";"Ride"
"1287";43193;1680;2013-10-22 17:37:04;NA;"Run"
"1288";414255;5788;2013-10-20 09:04:33;"b716318";"Ride"
"1289";180284;5733;2013-10-17 06:09:38;"b716318";"Ride"
"1290";40302;2856;2013-10-02 07:27:44;NA;"Run"
"1291";296768;8294;2013-10-01 07:27:22;"b716318";"Ride"
"1292";789688;13295;2013-09-22 07:34:17;"b716318";"Ride"
"1293";126487;22549;2013-09-21 08:06:29;"b716318";"Ride"
"1294";823353;12599;2013-09-15 07:44:04;"b716318";"Ride"
"1295";857169;13589;2013-09-08 10:20:48;"b716318";"Ride"
"1296";44723;1729;2013-09-06 17:51:23;NA;"Run"
"1297";299724;3807;2013-09-05 05:22:29;"b716318";"Ride"
"1298";414594;5091;2013-09-04 15:17:25;"b716318";"Ride"
"1299";54051;1758;2013-09-01 08:55:28;NA;"Run"
"1300";342783;3896;2013-08-30 17:17:54;"b716318";"Ride"
"1301";2891;1021;2013-08-29 16:09:28;NA;"Run"
"1302";377474;4897;2013-08-27 17:18:22;"b716318";"Ride"
"1303";107045;13569;2013-08-25 06:17:13;"b716318";"Ride"
"1304";57255;2106;2013-08-24 12:57:14;NA;"Run"
"1305";277466;3316;2013-08-21 17:26:39;"b716318";"Ride"
"1306";60218;2375;2013-08-19 17:27:34;NA;"Run"
"1307";400809;5100;2013-08-18 14:30:53;"b716318";"Ride"
"1308";633476;8879;2013-08-17 11:31:54;"b716318";"Ride"
"1309";220819;2747;2013-08-16 17:24:44;"b716318";"Ride"
"1310";42824;1733;2013-08-13 17:50:06;NA;"Run"
"1311";523215;7498;2013-08-11 11:29:41;"b716318";"Ride"
"1312";691744;11675;2013-08-10 08:50:29;"b716318";"Ride"
"1313";499909;6145;2013-08-06 16:54:19;"b716318";"Ride"
"1314";49959;8332;2013-08-04 09:42:14;"b716318";"Ride"
"1315";809045;16607;2013-08-03 09:51:16;"b716318";"Ride"
"1316";443202;5905;2013-07-29 17:15:32;"b716318";"Ride"
"1317";406037;5167;2013-07-28 13:39:33;"b716318";"Ride"
"1318";74639;14326;2013-07-26 09:50:00;"b716318";"Ride"
"1319";795275;15955;2013-07-24 08:22:25;"b716318";"Ride"
"1320";750133;16468;2013-07-22 09:08:22;"b716318";"Ride"
"1321";453377;10465;2013-07-21 10:00:13;"b716318";"Ride"
"1322";328887;4256;2013-07-17 05:35:17;"b716318";"Ride"
"1323";437751;5501;2013-07-16 15:44:17;"b716318";"Ride"
"1324";51618;2062;2013-07-15 18:08:06;NA;"Run"
"1325";74606;13515;2013-07-13 08:43:13;"b716318";"Ride"
"1326";47169;1987;2013-07-09 18:09:33;NA;"Run"
"1327";281786;3839;2013-07-07 08:24:17;"b716318";"Ride"
"1328";857482;13695;2013-07-06 09:33:03;"b716318";"Ride"
"1329";442608;5697;2013-07-04 17:36:25;"b716318";"Ride"
"1330";45782;1891;2013-07-01 18:16:18;NA;"Run"
"1331";52152;2030;2013-06-24 18:18:42;NA;"Run"
"1332";135391;20223;2013-06-22 08:22:56;"b716318";"Ride"
"1333";415054;5552;2013-06-19 15:34:04;"b716318";"Ride"
"1334";612519;9452;2013-06-16 08:43:33;"b716318";"Ride"
"1335";46139;1928;2013-06-15 15:27:46;NA;"Run"
"1336";45238;1882;2013-06-12 18:43:47;NA;"Run"
"1337";46273;1969;2013-06-10 18:08:05;NA;"Run"
"1338";29963;5992;2013-06-09 07:49:33;"b716318";"Ride"
"1339";52845;2257;2013-06-05 17:33:03;NA;"Run"
"1340";319047;4383;2013-06-03 17:01:01;"b716318";"Ride"
"1341";648752;11558;2013-06-01 08:52:38;"b716318";"Ride"
"1342";360634;4869;2013-05-27 17:02:49;"b716318";"Ride"
"1343";58013;2609;2013-05-25 06:59:10;NA;"Run"
"1344";39623;1790;2013-05-21 17:52:03;NA;"Run"
"1345";131477;22279;2013-05-19 08:25:19;"b716318";"Ride"
"1346";42076;1832;2013-05-14 17:29:08;NA;"Run"
"1347";266143;3988;2013-05-11 16:23:48;"b716318";"Ride"
"1348";516937;7535;2013-05-10 09:19:05;"b716318";"Ride"
"1349";43793;1901;2013-05-07 17:26:42;NA;"Run"
"1350";43037;1878;2013-05-05 08:30:06;NA;"Run"
"1351";671608;11851;2013-04-30 10:09:58;"b716318";"Ride"
"1352";550895;9388;2013-04-28 08:45:14;NA;"Ride"
"1353";273482;6714;2013-04-18 09:05:35;NA;"Ride"
"1354";52683;7621;2013-04-17 12:04:05;NA;"Ride"
"1355";42007;1854;2013-04-16 14:54:38;NA;"Run"
"1356";785967;12133;2013-04-14 09:25:39;NA;"Ride"
"1357";340807;4839;2013-04-10 13:34:58;NA;"Ride"
"1358";310051;4913;2013-04-07 10:46:41;NA;"Ride"
"1359";432699;7195;2013-04-03 12:22:36;NA;"Ride"
"1360";75808;1611;2013-04-02 15:11:50;NA;"Run"
"1361";355352;5255;2013-02-17 11:45:13;NA;"Ride"
